✔ [1304/1318] Built Mathlib.Algebra.Module.Torsion.Pi (2.3s)
✔ [1305/1318] Built Mathlib.Algebra.GroupWithZero.Action.Hom (3.1s)
✔ [1306/1321] Built Mathlib.Data.Finset.Fin (4.1s)
✔ [1307/1321] Built Mathlib.Algebra.Module.Equiv.Opposite (3.4s)
✔ [1308/1321] Built Mathlib.Algebra.GroupWithZero.Action.Prod (4.4s)
✔ [1309/1321] Built Mathlib.GroupTheory.GroupAction.DomAct.Basic (7.4s)
✔ [1310/1321] Built Mathlib.Order.Interval.Set.Fin (12s)
✔ [1311/1323] Built Mathlib.Algebra.Module.Prod (2.1s)
✔ [1312/1327] Built Mathlib.Algebra.Group.Center (12s)
✔ [1313/1327] Built Mathlib.Algebra.Module.Hom (3.8s)
✔ [1314/1327] Built Mathlib.Algebra.Group.Submonoid.MulAction (2.5s)
✔ [1315/1327] Built Mathlib.Algebra.Module.LinearMap.Basic (6.6s)
✔ [1316/1327] Built Mathlib.Algebra.Module.LinearMap.End (11s)
✔ [1317/1328] Built Mathlib.Algebra.Group.Subgroup.Defs (11s)
✔ [1318/1330] Built Mathlib.Order.Interval.Finset.Fin (16s)
✔ [1319/1330] Built Mathlib.Algebra.Group.Submonoid.DistribMulAction (2.9s)
✔ [1320/1334] Built Mathlib.Data.Fintype.Fin (4.5s)
✔ [1321/1338] Built Mathlib.Algebra.Group.Conj (5.4s)
✔ [1322/1338] Built Mathlib.GroupTheory.Subsemigroup.Center (3.3s)
✔ [1323/1338] Built CoveringCodes.Bounds.Balls (8.3s)
✔ [1324/1339] Built Mathlib.Algebra.Group.Submonoid.Operations (23s)
✔ [1325/1340] Built CoveringCodes.Bounds.SphereCoveringBound (4.4s)
✔ [1326/1340] Built Mathlib.GroupTheory.GroupAction.Defs (8.1s)
✔ [1327/1340] Built Mathlib.GroupTheory.Submonoid.Center (6.3s)
✔ [1328/1343] Built Mathlib.Algebra.Group.Idempotent (2.0s)
✔ [1329/1349] Built Mathlib.Algebra.Module.Equiv.Basic (27s)
✔ [1330/1349] Built Mathlib.Algebra.Group.Subsemigroup.MulOpposite (3.6s)
✔ [1331/1349] Built Mathlib.Algebra.Group.PUnit (1.9s)
✔ [1332/1352] Built Mathlib.Algebra.FreeMonoid.Basic (8.4s)
✔ [1333/1354] Built Mathlib.Algebra.Ring.PUnit (1.2s)
✔ [1334/1356] Built Mathlib.Algebra.Group.Subgroup.Lattice (11s)
✔ [1335/1357] Built Mathlib.Algebra.Group.Submonoid.MulOpposite (3.7s)
✔ [1336/1357] Built Mathlib.Algebra.Module.PUnit (3.1s)
✔ [1337/1357] Built Mathlib.Algebra.Group.ULift (2.8s)
✔ [1338/1357] Built Mathlib.Algebra.Ring.CharZero (2.9s)
✔ [1339/1357] Built Mathlib.Order.Hom.CompleteLattice (9.1s)
✔ [1340/1361] Built Mathlib.Algebra.GroupWithZero.ULift (2.0s)
✔ [1341/1361] Built Mathlib.Algebra.Ring.ULift (6.6s)
✔ [1342/1362] Built Mathlib.Algebra.Group.Subgroup.Map (11s)
✔ [1343/1362] Built Mathlib.Algebra.Group.Submonoid.Membership (9.7s)
✔ [1344/1365] Built Mathlib.RingTheory.NonUnitalSubsemiring.Defs (4.9s)
✔ [1345/1365] Built Mathlib.Algebra.Ring.Action.Subobjects (1.9s)
✔ [1346/1367] Built Mathlib.Algebra.Module.ULift (4.1s)
✔ [1347/1367] Built Mathlib.Data.Nat.Cast.Prod (2.1s)
✔ [1348/1369] Built Mathlib.GroupTheory.Subsemigroup.Centralizer (2.9s)
✔ [1349/1369] Built Mathlib.RingTheory.NonUnitalSubring.Defs (6.3s)
✔ [1350/1370] Built Mathlib.Algebra.Ring.Subsemiring.Defs (6.2s)
✔ [1351/1370] Built Mathlib.Data.Int.Cast.Prod (2.8s)
✔ [1352/1370] Built Mathlib.GroupTheory.Submonoid.Centralizer (2.9s)
✔ [1353/1371] Built Mathlib.Algebra.Group.Subgroup.Ker (12s)
✔ [1354/1371] Built Mathlib.Algebra.Group.Subsemigroup.Membership (3.2s)
✔ [1355/1372] Built Mathlib.Algebra.GroupWithZero.Center (1.9s)
✔ [1356/1372] Built Mathlib.Algebra.Ring.Prod (6.6s)
✔ [1357/1375] Built Mathlib.Algebra.Ring.Subring.Defs (8.3s)
✔ [1358/1381] Built Mathlib.Algebra.Group.Subsemigroup.Operations (11s)
✔ [1359/1381] Built Mathlib.Algebra.Ring.Center (2.3s)
✔ [1360/1384] Built Mathlib.Algebra.Ring.Centralizer (2.2s)
✔ [1361/1390] Built Mathlib.Algebra.Ring.Hom.InjSurj (1.6s)
✔ [1362/1390] Built Mathlib.Algebra.Ring.Submonoid.Basic (2.1s)
✔ [1363/1393] Built Mathlib.Algebra.Ring.Action.Group (2.9s)
✔ [1364/1395] Built Mathlib.Algebra.Group.Irreducible.Defs (1.9s)
✔ [1365/1395] Built Mathlib.Algebra.Prime.Defs (3.5s)
✔ [1366/1396] Built Mathlib.Algebra.Group.Subgroup.Basic (14s)
✔ [1367/1396] Built Mathlib.Algebra.Group.Pointwise.Set.Lattice (5.8s)
✔ [1368/1396] Built Mathlib.Algebra.Group.Irreducible.Lemmas (4.1s)
✔ [1369/1396] Built Mathlib.Algebra.Group.Subgroup.MulOpposite (3.4s)
✔ [1370/1396] Built Mathlib.RingTheory.NonUnitalSubsemiring.Basic (9.7s)
✔ [1371/1397] Built Mathlib.Algebra.Group.Subgroup.ZPowers.Basic (3.7s)
✔ [1372/1398] Built Mathlib.GroupTheory.Subgroup.Center (3.8s)
✔ [1373/1399] Built Mathlib.Algebra.Prime.Lemmas (3.7s)
✔ [1374/1399] Built Mathlib.Algebra.Group.Subgroup.MulOppositeLemmas (3.8s)
✔ [1375/1399] Built Mathlib.Data.Sigma.Lex (1.7s)
✔ [1376/1399] Built Mathlib.Algebra.Group.Subgroup.Actions (5.3s)
✔ [1377/1399] Built Mathlib.Data.Prod.Lex (9.0s)
✔ [1378/1403] Built Mathlib.RingTheory.NonUnitalSubring.Basic (12s)
✔ [1379/1403] Built Mathlib.Order.RelIso.Set (6.5s)
✔ [1380/1406] Built Mathlib.Algebra.Ring.Subsemiring.Basic (16s)
✔ [1381/1408] Built Mathlib.Algebra.GroupWithZero.Associated (8.8s)
✔ [1382/1408] Built Mathlib.Order.OrderIsoNat (3.6s)
✔ [1383/1410] Built Mathlib.GroupTheory.Subgroup.Centralizer (7.6s)
✔ [1384/1411] Built Mathlib.GroupTheory.GroupAction.SubMulAction (15s)
✔ [1385/1411] Built Mathlib.Order.WellQuasiOrder (5.2s)
✔ [1386/1411] Built Mathlib.Algebra.GroupWithZero.NonZeroDivisors (9.8s)
✔ [1387/1411] Built Mathlib.Algebra.Order.Group.Action (2.8s)
✔ [1388/1413] Built Mathlib.GroupTheory.GroupAction.ConjAct (6.9s)
✔ [1389/1415] Built Mathlib.Algebra.Module.Submodule.Defs (10s)
✔ [1390/1417] Built Mathlib.Algebra.Ring.Subring.Basic (24s)
✔ [1391/1417] Built Mathlib.Order.Closure (8.1s)
✔ [1392/1417] Built Mathlib.Order.WellFoundedSet (9.1s)
✔ [1393/1417] Built Mathlib.Tactic.FinCases (3.0s)
✔ [1394/1417] Built Mathlib.Algebra.Module.Submodule.Basic (4.4s)
✔ [1395/1417] Built Mathlib.Data.Finite.Set (4.4s)
✔ [1396/1417] Built Mathlib.Algebra.Module.Submodule.LinearMap (7.8s)
✔ [1397/1419] Built Mathlib.Algebra.Module.Submodule.Lattice (10s)
✔ [1398/1420] Built Mathlib.Dynamics.FixedPoints.Defs (1.0s)
✔ [1399/1420] Built Mathlib.Order.SupClosed (10s)
✔ [1400/1420] Built Mathlib.Algebra.Group.Submonoid.Pointwise (8.9s)
✔ [1401/1420] Built Mathlib.Order.SupIndep (13s)
✔ [1402/1420] Built Mathlib.Algebra.Module.Submodule.RestrictScalars (6.5s)
✔ [1403/1422] Built Mathlib.Control.Monad.Basic (2.8s)
✔ [1404/1422] Built Mathlib.Dynamics.FixedPoints.Basic (5.1s)
✔ [1405/1422] Built Mathlib.Algebra.Module.Submodule.Map (18s)
✔ [1406/1425] Built Mathlib.LinearAlgebra.Span.Defs (16s)
✔ [1407/1425] Built Mathlib.Algebra.GroupWithZero.Submonoid.Pointwise (5.5s)
✔ [1408/1426] Built Mathlib.Algebra.Group.Subgroup.Pointwise (14s)
✔ [1409/1430] Built Mathlib.Algebra.Module.Submodule.Ker (10s)
✔ [1410/1430] Built Mathlib.Order.CompactlyGenerated.Basic (11s)
✔ [1411/1430] Built Mathlib.Data.Part (11s)
✔ [1412/1430] Built Mathlib.Algebra.Module.Submodule.EqLocus (2.7s)
✔ [1413/1430] Built Mathlib.Order.ScottContinuity (3.7s)
✔ [1414/1432] Built Mathlib.Algebra.GroupWithZero.Subgroup (5.3s)
✔ [1415/1433] Built Mathlib.Algebra.Module.Torsion.Field (4.0s)
✔ [1416/1434] Built Mathlib.Order.Part (2.5s)
✔ [1417/1434] Built Mathlib.Tactic.ArithMult.Init (2.1s)
✔ [1418/1435] Built Mathlib.Algebra.Module.Submodule.Range (9.6s)
✔ [1419/1435] Built Mathlib.Tactic.CancelDenoms (2.2s)
✔ [1420/1435] Built Mathlib.Tactic.Bound (5.3s)
✔ [1421/1435] Built Mathlib.Tactic.ArithMult (2.9s)
✔ [1422/1435] Built Mathlib.Algebra.Algebra.Basic (14s)
✔ [1423/1435] Built Mathlib.Order.OmegaCompletePartialOrder (10s)
✔ [1424/1435] Built Mathlib.Tactic.Cases (3.2s)
✔ [1425/1435] Built Mathlib.Algebra.Module.Submodule.Pointwise (9.6s)
✔ [1426/1436] Built Mathlib.Algebra.Module.Submodule.Equiv (9.5s)
✔ [1427/1436] Built Mathlib.Tactic.Algebra.Lemmas (4.4s)
✔ [1428/1441] Built Mathlib.CategoryTheory.Category.Init (1.7s)
✔ [1429/1450] Built Mathlib.Order.BourbakiWitt (4.8s)
✔ [1430/1450] Built Mathlib.Logic.Small.Defs (1.7s)
✔ [1431/1450] Built Mathlib.Tactic.CategoryTheory.CategoryStar (1.7s)
✔ [1432/1452] Built Mathlib.Data.Opposite (1.4s)
✔ [1433/1454] Built Mathlib.Algebra.Algebra.Hom (10s)
✔ [1434/1454] Built Mathlib.Combinatorics.Quiver.Basic (2.7s)
✔ [1435/1456] Built Mathlib.Tactic.CategoryTheory.Coherence.Datatypes (4.0s)
✔ [1436/1456] Built Mathlib.Tactic.Algebra.Basic (15s)
✔ [1437/1458] Built Mathlib.CategoryTheory.Category.Basic (7.2s)
✔ [1438/1458] Built Mathlib.Combinatorics.Quiver.Prefunctor (2.3s)
✔ [1439/1458] Built Mathlib.LinearAlgebra.Span.Basic (17s)
✔ [1440/1458] Built Mathlib.CategoryTheory.Functor.Basic (4.8s)
✔ [1441/1458] Built Mathlib.Tactic.CategoryTheory.Reassoc (3.2s)
✔ [1442/1458] Built Mathlib.Algebra.Algebra.Equiv (21s)
✔ [1443/1458] Built Mathlib.Tactic.CategoryTheory.Coherence.PureCoherence (14s)
✔ [1444/1458] Built Mathlib.Tactic.CategoryTheory.Coherence.Normalize (13s)
✔ [1445/1471] Built Mathlib.CategoryTheory.NatTrans (3.2s)
✔ [1446/1473] Built Mathlib.Tactic.CategoryTheory.Coherence.Basic (2.8s)
✔ [1447/1484] Built Mathlib.CategoryTheory.ConcreteCategory.Bundled (1.1s)
✔ [1448/1485] Built Mathlib.CategoryTheory.Iso (7.3s)
✔ [1449/1485] Built Mathlib.Tactic.CategoryTheory.Slice (3.4s)
✔ [1450/1485] Built Mathlib.Logic.Lemmas (2.6s)
✔ [1451/1485] Built Mathlib.Combinatorics.Quiver.Push (2.1s)
✔ [1452/1485] Built Mathlib.Tactic.CategoryTheory.IsoReassoc (2.7s)
✔ [1453/1485] Built Mathlib.Algebra.Algebra.Tower (9.7s)
✔ [1454/1495] Built Mathlib.CategoryTheory.ObjectProperty.Basic (3.4s)
✔ [1455/1501] Built Mathlib.CategoryTheory.ObjectProperty.ClosedUnderIsomorphisms (2.9s)
✔ [1456/1501] Built Mathlib.Combinatorics.Quiver.Path (4.8s)
✔ [1457/1501] Built Mathlib.Tactic.CategoryTheory.CancelIso (2.6s)
✔ [1458/1517] Built Mathlib.Tactic.Algebraize (5.9s)
✔ [1459/1517] Built Mathlib.Tactic.CategoryTheory.CheckCompositions (3.6s)
✔ [1460/1517] Built Mathlib.CategoryTheory.Functor.Category (9.6s)
✔ [1461/1517] Built Mathlib.Tactic.Change (1.7s)
✔ [1462/1519] Built Mathlib.Tactic.Clean (1.2s)
✔ [1463/1521] Built Mathlib.Combinatorics.Quiver.Symmetric (2.9s)
✔ [1464/1522] Built Mathlib.Algebra.Order.Interval.Set.Monoid (2.8s)
✔ [1465/1522] Built Mathlib.Order.Filter.AtTopBot.Ring (4.4s)
✔ [1466/1522] Built Mathlib.CategoryTheory.Functor.Trifunctor (7.6s)
✔ [1467/1522] Built Mathlib.CategoryTheory.NatIso (8.9s)
✔ [1468/1522] Built Mathlib.Order.Filter.AtTopBot.Field (4.7s)
✔ [1469/1524] Built Mathlib.Algebra.Field.Subfield.Defs (7.6s)
✔ [1470/1526] Built Mathlib.CategoryTheory.Functor.FullyFaithful (5.5s)
✔ [1471/1526] Built Mathlib.Order.Filter.NAry (3.9s)
✔ [1472/1526] Built Mathlib.CategoryTheory.InducedCategory (3.3s)
✔ [1473/1526] Built Mathlib.Algebra.AddTorsor.Defs (3.1s)
✔ [1474/1526] Built Mathlib.CategoryTheory.Bicategory.Basic (13s)
✔ [1475/1531] Built Mathlib.CategoryTheory.ObjectProperty.FullSubcategory (3.0s)
✔ [1476/1531] Built Mathlib.Algebra.Order.Group.Pointwise.Interval (26s)
✔ [1477/1531] Built Mathlib.CategoryTheory.EssentialImage (3.2s)
✔ [1478/1531] Built Mathlib.Tactic.CategoryTheory.BicategoricalComp (4.5s)
✔ [1479/1531] Built Mathlib.CategoryTheory.Whiskering (22s)
✔ [1480/1532] Built Mathlib.CategoryTheory.ConcreteCategory.Basic (4.4s)
✔ [1481/1532] Built Mathlib.Topology.Algebra.Monoid.Defs (3.0s)
✔ [1482/1532] Built Mathlib.Order.Filter.Pointwise (16s)
✔ [1483/1532] Built Mathlib.CategoryTheory.Functor.ReflectsIso.Basic (2.7s)
✔ [1484/1536] Built Mathlib.Tactic.CategoryTheory.Elementwise (5.1s)
✔ [1485/1536] Built Mathlib.Topology.Algebra.Group.Defs (4.0s)
✔ [1486/1536] Built Mathlib.CategoryTheory.Elementwise (1.7s)
✔ [1487/1536] Built Mathlib.Tactic.CategoryTheory.Bicategory.Datatypes (10s)
✔ [1488/1539] Built Mathlib.Algebra.Group.Submonoid.Units (7.7s)
✔ [1489/1539] Built Mathlib.CategoryTheory.Equivalence (18s)
✔ [1490/1541] Built Mathlib.Topology.Algebra.ContinuousMonoidHom (12s)
✔ [1491/1541] Built Mathlib.Tactic.CategoryTheory.Bicategory.PureCoherence (8.0s)
✔ [1492/1541] Built Mathlib.Topology.Algebra.ConstMulAction (19s)
✔ [1493/1541] Built Mathlib.Tactic.CategoryTheory.Bicategory.Normalize (9.2s)
✔ [1494/1541] Built Mathlib.Order.Filter.Extr (8.7s)
✔ [1495/1541] Built Mathlib.Topology.Algebra.MulAction (9.2s)
✔ [1496/1541] Built Mathlib.Topology.Algebra.Order.Group (9.6s)
✔ [1497/1544] Built Mathlib.Tactic.CategoryTheory.Bicategory.Basic (11s)
✔ [1498/1544] Built Mathlib.Topology.Order.LocalExtr (9.5s)
✔ [1499/1544] Built Mathlib.CategoryTheory.Opposites (20s)
✔ [1500/1544] Built Mathlib.Data.Set.UnionLift (4.6s)
✔ [1501/1544] Built Mathlib.CategoryTheory.Functor.Const (4.9s)
✔ [1502/1544] Built Mathlib.CategoryTheory.EqToHom (5.4s)
✔ [1503/1544] Built Mathlib.Topology.Algebra.Monoid (21s)
✔ [1504/1544] Built Mathlib.CategoryTheory.Bicategory.Strict.Basic (2.4s)
✔ [1505/1544] Built Mathlib.CategoryTheory.Bicategory.Functor.Prelax (4.8s)
✔ [1506/1547] Built Mathlib.Algebra.Algebra.NonUnitalHom (19s)
✔ [1507/1549] Built Mathlib.CategoryTheory.Products.Basic (12s)
✔ [1508/1549] Built Mathlib.Topology.Algebra.GroupWithZero (5.5s)
✔ [1509/1549] Built Mathlib.GroupTheory.Congruence.Defs (10s)
✔ [1510/1554] Built Mathlib.CategoryTheory.Pi.Basic (14s)
✔ [1511/1557] Built Mathlib.RingTheory.Congruence.Defs (6.0s)
✔ [1512/1557] Built Mathlib.Topology.Algebra.Group.Basic (29s)
✔ [1513/1557] Built Mathlib.GroupTheory.Congruence.Hom (5.4s)
✔ [1514/1558] Built Mathlib.Algebra.Algebra.NonUnitalSubalgebra (32s)
✔ [1515/1559] Built Mathlib.GroupTheory.Congruence.Opposite (2.9s)
✔ [1516/1559] Built Mathlib.CategoryTheory.Monoidal.Category (22s)
✔ [1517/1560] Built Mathlib.CategoryTheory.Discrete.Basic (7.5s)
✔ [1518/1564] Built Mathlib.Topology.Algebra.Group.GroupTopology (5.9s)
✔ [1519/1564] Built Mathlib.GroupTheory.Congruence.Basic (6.6s)
✔ [1520/1564] Built Mathlib.Analysis.Normed.Group.Real (4.0s)
✔ [1521/1564] Built Mathlib.Tactic.CategoryTheory.MonoidalComp (4.2s)
✔ [1522/1564] Built Mathlib.CategoryTheory.Products.Unitor (2.7s)
✔ [1523/1564] Built Mathlib.Analysis.Normed.Group.Constructions (9.1s)
✔ [1524/1564] Built Mathlib.Analysis.Normed.Group.Subgroup (5.3s)
✔ [1525/1564] Built Mathlib.Analysis.Normed.Group.Submodule (3.4s)
✔ [1526/1566] Built Mathlib.RingTheory.Congruence.Basic (5.2s)
✔ [1527/1566] Built Mathlib.Topology.Algebra.Ring.Basic (8.8s)
✔ [1528/1566] Built Mathlib.Tactic.CategoryTheory.Monoidal.Datatypes (16s)
✔ [1529/1566] Built Mathlib.RingTheory.Congruence.Opposite (4.2s)
✔ [1530/1567] Built Mathlib.Topology.Algebra.IsUniformGroup.Defs (18s)
✔ [1531/1567] Built Mathlib.Data.EReal.Operations (23s)
✔ [1532/1567] Built Mathlib.CategoryTheory.Comma.Basic (29s)
✔ [1533/1567] Built Mathlib.Topology.Algebra.Field (9.8s)
✔ [1534/1567] Built Mathlib.Tactic.CategoryTheory.Monoidal.PureCoherence (10s)
✔ [1535/1567] Built Mathlib.RingTheory.TwoSidedIdeal.Basic (6.0s)
✔ [1536/1567] Built Mathlib.Topology.Order.Bornology (5.9s)
✔ [1537/1567] Built Mathlib.RingTheory.TwoSidedIdeal.Lattice (3.7s)
✔ [1538/1568] Built Mathlib.RingTheory.TwoSidedIdeal.Kernel (3.3s)
✔ [1539/1569] Built Mathlib.Tactic.CategoryTheory.Monoidal.Normalize (16s)
✔ [1540/1569] Built Mathlib.CategoryTheory.Comma.Arrow (9.7s)
✔ [1541/1570] Built Mathlib.Topology.Algebra.Order.Field (9.6s)
✔ [1542/1571] Built Mathlib.RingTheory.SimpleRing.Defs (2.6s)
✔ [1543/1578] Built Mathlib.RingTheory.SimpleRing.Basic (4.6s)
✔ [1544/1581] Built Mathlib.Tactic.Order.CollectFacts (9.3s)
✔ [1545/1581] Built Mathlib.CategoryTheory.MorphismProperty.Basic (7.7s)
✔ [1546/1581] Built Mathlib.Tactic.CategoryTheory.Monoidal.Basic (8.7s)
✔ [1547/1581] Built Mathlib.Topology.MetricSpace.ProperSpace (3.8s)
✔ [1548/1581] Built Mathlib.Topology.MetricSpace.Cauchy (3.4s)
✔ [1549/1581] Built Mathlib.Tactic.Order.ToInt (3.9s)
✔ [1550/1582] Built Mathlib.Tactic.Order.Preprocessing (4.6s)
✔ [1551/1583] Built Mathlib.Tactic.Order.Graph.Basic (3.4s)
✔ [1552/1583] Built Mathlib.CategoryTheory.Groupoid (6.2s)
✔ [1553/1583] Built Mathlib.Topology.EMetricSpace.Diam (7.6s)
✔ [1554/1583] Built Mathlib.Data.Int.Interval (5.9s)
✔ [1555/1586] Built Mathlib.Tactic.Order.Graph.Tarjan (2.3s)
✔ [1556/1588] Built Mathlib.Data.Int.ConditionallyCompleteOrder (3.9s)
✔ [1557/1589] Built Mathlib.CategoryTheory.EpiMono (4.8s)
✔ [1558/1589] Built Mathlib.Data.Fintype.Pigeonhole (3.6s)
✔ [1559/1589] Built Mathlib.Tactic.Order (11s)
✔ [1560/1589] Built Mathlib.Order.Filter.AtTopBot.Archimedean (8.6s)
✔ [1561/1589] Built Mathlib.Algebra.Algebra.Subalgebra.Basic (26s)
✔ [1562/1592] Built Mathlib.CategoryTheory.Types.Basic (9.4s)
✔ [1563/1593] Built Mathlib.Topology.Order.MonotoneContinuity (4.7s)
✔ [1564/1593] Built Mathlib.Order.SuccPred.LinearLocallyFinite (7.4s)
✔ [1565/1593] Built Mathlib.Topology.Order.Monotone (8.8s)
✔ [1566/1593] Built Mathlib.Topology.ContinuousMap.Basic (9.4s)
✔ [1567/1597] Built Mathlib.CategoryTheory.Functor.Hom (3.9s)
✔ [1568/1597] Built Mathlib.Topology.Instances.Discrete (3.7s)
✔ [1569/1597] Built Mathlib.CategoryTheory.Category.Cat (12s)
✔ [1570/1597] Built Mathlib.Topology.Metrizable.Uniformity (7.9s)
✔ [1571/1597] Built Mathlib.Topology.UniformSpace.Real (2.9s)
✔ [1572/1597] Built Mathlib.Topology.Defs.Sequences (3.1s)
✔ [1573/1597] Built Mathlib.Analysis.Normed.Ring.Basic (29s)
✔ [1574/1597] Built Mathlib.Topology.Order.IntermediateValue (15s)
✔ [1575/1597] Built Mathlib.Tactic.CategoryTheory.ToApp (7.5s)
✔ [1576/1599] Built Mathlib.Topology.Sequences (5.3s)
✔ [1577/1599] Built Mathlib.Topology.Order.Compact (9.9s)
✔ [1578/1601] Built Mathlib.Analysis.Normed.Field.Basic (15s)
✔ [1579/1601] Built Mathlib.CategoryTheory.Bicategory.Functor.Oplax (15s)
✔ [1580/1601] Built Mathlib.Order.Disjointed (6.5s)
✔ [1581/1601] Built Mathlib.CategoryTheory.Yoneda (35s)
✔ [1582/1601] Built Mathlib.CategoryTheory.Bicategory.Functor.Lax (20s)
✔ [1583/1601] Built Mathlib.Algebra.Order.Interval.Finset.Basic (6.3s)
✔ [1584/1602] Built Mathlib.Topology.MetricSpace.Bounded (12s)
✔ [1585/1602] Built Mathlib.Algebra.Order.BigOperators.Group.LocallyFinite (7.4s)
✔ [1586/1602] Built Mathlib.Topology.Instances.Int (5.1s)
✔ [1587/1602] Built Mathlib.Topology.Bornology.Real (5.6s)
✔ [1588/1602] Built Mathlib.Topology.UniformSpace.CompleteSeparated (1.0s)
✔ [1589/1602] Built Mathlib.CategoryTheory.Adjunction.Basic (20s)
✔ [1590/1602] Built Mathlib.Analysis.Asymptotics.Defs (29s)
✔ [1591/1604] Built Mathlib.Topology.Algebra.Ring.Real (4.6s)
✔ [1592/1608] Built Mathlib.CategoryTheory.Bicategory.Functor.Pseudofunctor (25s)
✔ [1593/1608] Built Mathlib.Topology.Coherent (3.7s)
✔ [1594/1609] Built Mathlib.CategoryTheory.Adjunction.FullyFaithful (7.7s)
✔ [1595/1609] Built Mathlib.Algebra.BigOperators.Intervals (11s)
✔ [1596/1609] Built Mathlib.Topology.UniformSpace.Equiv (6.1s)
✔ [1597/1609] Built Mathlib.Topology.UniformSpace.UniformApproximation (6.2s)
✔ [1598/1609] Built Mathlib.Analysis.Normed.Group.Continuity (13s)
✔ [1599/1609] Built Mathlib.Topology.Algebra.IsUniformGroup.Constructions (4.3s)
✔ [1600/1609] Built Mathlib.CategoryTheory.Bicategory.Free (16s)
✔ [1601/1613] Built Mathlib.Tactic.CategoryTheory.BicategoryCoherence (5.3s)
✔ [1602/1618] Built Mathlib.Analysis.Normed.Group.Bounded (10s)
✔ [1603/1620] Built Mathlib.Topology.UniformSpace.UniformConvergenceTopology (14s)
✔ [1604/1620] Built Mathlib.Algebra.Quotient (3.9s)
✔ [1605/1624] Built Mathlib.Data.List.Permutation (6.7s)
✔ [1606/1624] Built Mathlib.GroupTheory.Coset.Defs (5.5s)
✔ [1607/1624] Built Mathlib.GroupTheory.GroupAction.Basic (8.6s)
✔ [1608/1624] Built Mathlib.Topology.UniformSpace.Equicontinuity (10s)
✔ [1609/1624] Built Mathlib.Data.Fintype.List (4.9s)
✔ [1610/1624] Built Mathlib.Topology.Maps.Proper.Basic (3.4s)
✔ [1611/1625] Built Mathlib.Topology.UniformSpace.HeineCantor (3.1s)
✔ [1612/1625] Built Mathlib.CategoryTheory.Monoidal.Functor (43s)
✔ [1613/1625] Built Mathlib.GroupTheory.Coset.Basic (11s)
✔ [1614/1625] Built Mathlib.GroupTheory.QuotientGroup.Defs (12s)
✔ [1615/1626] Built Mathlib.Algebra.Module.LinearMap.DivisionRing (3.5s)
✔ [1616/1626] Built Mathlib.Data.List.Cycle (14s)
✔ [1617/1626] Built Mathlib.Topology.Algebra.Group.Pointwise (12s)
✔ [1618/1627] Built Mathlib.CategoryTheory.Monoidal.Free.Basic (10s)
✔ [1619/1628] Built Mathlib.GroupTheory.Commutator.Basic (12s)
✔ [1620/1631] Built Mathlib.Algebra.Group.Fin.Tuple (5.3s)
✔ [1621/1631] Built Mathlib.Dynamics.PeriodicPts.Defs (6.0s)
✔ [1622/1631] Built Mathlib.Algebra.Algebra.Prod (3.8s)
✔ [1623/1634] Built Mathlib.Tactic.CategoryTheory.Coherence (6.7s)
✔ [1624/1637] Built Mathlib.GroupTheory.QuotientGroup.Basic (15s)
✔ [1625/1637] Built Mathlib.Algebra.Group.Graph (7.5s)
✔ [1626/1637] Built Mathlib.Logic.Small.Basic (2.3s)
✔ [1627/1640] Built Mathlib.LinearAlgebra.GeneralLinearGroup.Basic (4.3s)
✔ [1628/1640] Built Mathlib.GroupTheory.GroupAction.Quotient (10s)
✔ [1629/1640] Built Mathlib.Order.Sublattice (8.7s)
✔ [1630/1640] Built Mathlib.Algebra.GroupWithZero.Idempotent (2.9s)
✔ [1631/1640] Built Mathlib.LinearAlgebra.Quotient.Defs (7.8s)
✔ [1632/1640] Built Mathlib.Topology.Algebra.Group.Quotient (7.8s)
✔ [1633/1646] Built Mathlib.Algebra.Module.Submodule.Invariant (6.4s)
✔ [1634/1650] Built Mathlib.Algebra.Ring.Idempotent (5.4s)
✔ [1635/1650] Built Mathlib.Algebra.BigOperators.Group.Finset.Preimage (3.9s)
✔ [1636/1650] Built Mathlib.LinearAlgebra.Prod (22s)
✔ [1637/1650] Built Mathlib.Data.Finsupp.Defs (7.1s)
✔ [1638/1662] Built Mathlib.Data.Rat.BigOperators (2.3s)
✔ [1639/1663] Built Mathlib.Data.Finsupp.Single (6.2s)
✔ [1640/1664] Built Mathlib.Topology.UniformSpace.AbstractCompletion (8.6s)
✔ [1641/1664] Built Mathlib.Data.Finsupp.Indicator (4.0s)
✔ [1642/1666] Built Mathlib.Topology.Algebra.IsUniformGroup.Basic (20s)
✔ [1643/1666] Built Mathlib.LinearAlgebra.Pi (16s)
✔ [1644/1666] Built Mathlib.Order.Interval.Set.ProjIcc (5.7s)
✔ [1645/1666] Built Mathlib.Algebra.Group.Finsupp (9.3s)
✔ [1646/1668] Built Mathlib.Topology.Bornology.Hom (4.0s)
✔ [1647/1668] Built Mathlib.Topology.UniformSpace.Completion (8.3s)
✔ [1648/1671] Built Mathlib.Data.Finsupp.SMulWithZero (3.6s)
✔ [1649/1671] Built Mathlib.Data.Finsupp.Ext (3.7s)
✔ [1650/1671] Built Mathlib.Topology.EMetricSpace.Lipschitz (7.5s)
✔ [1651/1671] Built Mathlib.Order.Filter.IsBounded (8.0s)
✔ [1652/1672] Built Mathlib.Topology.Order.MonotoneConvergence (6.7s)
✔ [1653/1672] Built Mathlib.Topology.Algebra.UniformMulAction (7.2s)
✔ [1654/1676] Built Mathlib.LinearAlgebra.Quotient.Basic (15s)
✔ [1655/1676] Built Mathlib.Topology.MetricSpace.Lipschitz (6.1s)
✔ [1656/1676] Built Mathlib.Data.Fintype.Lattice (3.8s)
✔ [1657/1676] Built Mathlib.Algebra.BigOperators.Finsupp.Basic (14s)
✔ [1658/1676] Built Mathlib.Topology.MetricSpace.Antilipschitz (8.2s)
✔ [1659/1677] Built Mathlib.Order.LiminfLimsup (15s)
✔ [1660/1678] Built Mathlib.Topology.MetricSpace.Isometry (13s)
✔ [1661/1679] Built Mathlib.Topology.Order.LiminfLimsup (14s)
✔ [1662/1679] Built Mathlib.Algebra.Group.EvenFunction (3.3s)
✔ [1663/1679] Built Mathlib.LinearAlgebra.Projection (25s)
✔ [1664/1681] Built Mathlib.Logic.Encodable.Lattice (3.7s)
✔ [1665/1682] Built Mathlib.Order.Filter.AtTopBot.Finset (3.6s)
✔ [1666/1686] Built Mathlib.Algebra.Group.Fin.Basic (3.1s)
✔ [1667/1686] Built Mathlib.Data.Finsupp.Basic (29s)
✔ [1668/1686] Built Mathlib.Algebra.Group.ModEq (5.3s)
✔ [1669/1686] Built Mathlib.Data.ENat.Basic (13s)
✔ [1670/1686] Built Mathlib.Data.Nat.GCD.Basic (5.9s)
✔ [1671/1689] Built Mathlib.Data.Finsupp.SMul (6.7s)
✔ [1672/1689] Built Mathlib.Topology.MetricSpace.IsometricSMul (19s)
✔ [1673/1689] Built Mathlib.Data.Finsupp.Option (5.9s)
✔ [1674/1689] Built Mathlib.Data.ENat.Pow (5.1s)
✔ [1675/1692] Built Mathlib.Data.Nat.ModEq (6.9s)
✔ [1676/1692] Built Mathlib.Data.Countable.Small (3.6s)
✔ [1677/1692] Built Mathlib.Logic.Small.Set (2.8s)
✔ [1678/1695] Built Mathlib.LinearAlgebra.Finsupp.Defs (10s)
✔ [1679/1695] Built Mathlib.Logic.UnivLE (2.0s)
✔ [1680/1697] Built Mathlib.Data.ZMod.Defs (4.7s)
✔ [1681/1697] Built Mathlib.Order.SuccPred.CompleteLinearOrder (4.3s)
✔ [1682/1705] Built Mathlib.Algebra.Order.Hom.Monoid (14s)
✔ [1683/1705] Built Mathlib.Algebra.Order.Hom.MonoidWithZero (6.0s)
✔ [1684/1705] Built Mathlib.SetTheory.Cardinal.Defs (6.7s)
✔ [1685/1706] Built Mathlib.Data.Sum.Order (12s)
✔ [1686/1706] Built Mathlib.LinearAlgebra.Finsupp.LSum (12s)
✔ [1687/1706] Built Mathlib.Order.Hom.Order (3.1s)
✔ [1688/1708] Built Mathlib.Algebra.BigOperators.Group.Finset.Indicator (4.7s)
✔ [1689/1713] Built Mathlib.Algebra.Order.Hom.Ring (5.0s)
✔ [1690/1713] Built Mathlib.Order.Hom.Lex (6.9s)
✔ [1691/1713] Built Mathlib.LinearAlgebra.Finsupp.Supported (7.0s)
✔ [1692/1713] Built Mathlib.Order.FixedPoints (5.5s)
✔ [1693/1713] Built Mathlib.Order.Filter.AtTopBot.BigOperators (3.7s)
✔ [1694/1714] Built Mathlib.Topology.Algebra.InfiniteSum.SummationFilter (12s)
✔ [1695/1714] Built Mathlib.SetTheory.Cardinal.SchroederBernstein (8.3s)
✔ [1696/1719] Built Mathlib.Order.InitialSeg (10s)
✔ [1697/1719] Built Mathlib.Data.List.NatAntidiagonal (4.4s)
✔ [1698/1719] Built Mathlib.Algebra.Order.Antidiag.Prod (5.1s)
✔ [1699/1719] Built Mathlib.LinearAlgebra.Finsupp.LinearCombination (16s)
✔ [1700/1719] Built Mathlib.Topology.Algebra.InfiniteSum.Defs (10s)
✔ [1701/1725] Built Mathlib.Data.Multiset.NatAntidiagonal (5.3s)
✔ [1702/1725] Built Mathlib.SetTheory.Cardinal.Order (9.1s)
✔ [1703/1725] Built Mathlib.Algebra.Ring.GeomSum (9.5s)
✔ [1704/1726] Built Mathlib.Algebra.Ring.Aut (2.8s)
✔ [1705/1727] Built Mathlib.Topology.Algebra.Module.Basic (10s)
✔ [1706/1727] Built Mathlib.Data.Finset.NatAntidiagonal (6.5s)
✔ [1707/1727] Built Mathlib.Data.Real.ENatENNReal (5.4s)
✔ [1708/1727] Built Mathlib.Algebra.Star.Basic (8.6s)
✔ [1709/1727] Built Mathlib.Algebra.BigOperators.NatAntidiagonal (3.4s)
✔ [1710/1730] Built Mathlib.SetTheory.Cardinal.Basic (14s)
✔ [1711/1730] Built Mathlib.Topology.Algebra.InfiniteSum.Basic (19s)
✔ [1712/1730] Built Mathlib.Topology.Algebra.Star (3.0s)
✔ [1713/1735] Built Mathlib.Algebra.BigOperators.WithTop (5.4s)
✔ [1714/1735] Built Mathlib.Topology.MetricSpace.Pseudo.Real (4.3s)
✔ [1715/1737] Built Mathlib.SetTheory.Cardinal.ENat (7.6s)
✔ [1716/1737] Built Mathlib.Data.Rat.Encodable (2.5s)
✔ [1717/1737] Built Mathlib.Data.ENNReal.BigOperators (4.4s)
✔ [1718/1739] Built Mathlib.SetTheory.Cardinal.ToNat (5.3s)
✔ [1719/1740] Built Mathlib.Data.ENNReal.Action (4.5s)
✔ [1720/1746] Built Mathlib.Topology.MetricSpace.ProperSpace.Real (3.4s)
✔ [1721/1746] Built Mathlib.Topology.Compactness.Bases (5.2s)
✔ [1722/1748] Built Mathlib.SetTheory.Cardinal.Finite (8.3s)
✔ [1723/1750] Built Mathlib.Logic.Equiv.PartialEquiv (9.6s)
✔ [1724/1750] Built Mathlib.Order.Copy (4.9s)
✔ [1725/1752] Built Mathlib.Data.Nat.Prime.Defs (6.6s)
✔ [1726/1752] Built Mathlib.Topology.Algebra.InfiniteSum.Group (10s)
✔ [1727/1752] Built Mathlib.Topology.OpenPartialHomeomorph.Defs (7.0s)
✔ [1728/1752] Built Mathlib.Algebra.Ring.Torsion (3.1s)
✔ [1729/1752] Built Mathlib.Algebra.CharP.Defs (7.8s)
✔ [1730/1752] Built Mathlib.Data.Set.Card (24s)
✔ [1731/1754] Built Mathlib.Topology.Sets.Opens (10s)
✔ [1732/1754] Built Mathlib.Topology.Algebra.Module.LinearMap (58s)
✔ [1733/1754] Built Mathlib.Topology.OpenPartialHomeomorph.Basic (4.0s)
✔ [1734/1755] Built Mathlib.Data.Complex.Basic (14s)
✔ [1735/1755] Built Mathlib.Topology.Algebra.InfiniteSum.NatInt (16s)
✔ [1736/1755] Built Mathlib.Algebra.Field.GeomSum (5.7s)
✔ [1737/1755] Built Mathlib.Topology.OpenPartialHomeomorph.Continuity (3.4s)
✔ [1738/1755] Built Mathlib.Algebra.Order.Group.Opposite (3.7s)
✔ [1739/1758] Built Mathlib.Topology.Algebra.InfiniteSum.Constructions (30s)
✔ [1740/1759] Built Mathlib.Topology.Algebra.SeparationQuotient.Basic (14s)
✔ [1741/1760] Built Mathlib.Topology.Algebra.InfiniteSum.Order (10s)
✔ [1742/1760] Built Mathlib.Algebra.Order.CauSeq.BigOperators (12s)
✔ [1743/1762] Built Mathlib.Algebra.Field.Opposite (6.8s)
✔ [1744/1762] Built Mathlib.Topology.Algebra.InfiniteSum.Ring (9.0s)
✔ [1745/1764] Built Mathlib.Tactic.ContinuousFunctionalCalculus (3.5s)
✔ [1746/1766] Built Mathlib.Algebra.Star.StarRingHom (9.1s)
✔ [1747/1766] Built Mathlib.Algebra.Star.Rat (3.3s)
✔ [1748/1766] Built Mathlib.Topology.MetricSpace.Algebra (13s)
✔ [1749/1766] Built Mathlib.Algebra.BigOperators.Balance (4.1s)
✔ [1750/1766] Built Mathlib.Topology.Instances.NNReal.Lemmas (6.4s)
✔ [1751/1766] Built Mathlib.Data.Nat.Choose.Sum (7.0s)
✔ [1752/1766] Built Mathlib.Data.Complex.BigOperators (4.8s)
✔ [1753/1766] Built Mathlib.Analysis.Normed.MulAction (10s)
✔ [1754/1766] Built Mathlib.Algebra.Star.SelfAdjoint (12s)
✔ [1755/1766] Built Mathlib.Algebra.Star.StarProjection (5.4s)
✔ [1756/1766] Built Mathlib.Data.Real.Sqrt (10s)
✔ [1757/1767] Built Mathlib.Analysis.Normed.Group.Uniform (21s)
✔ [1758/1767] Built Mathlib.Topology.Instances.ENNReal.Lemmas (12s)
✔ [1759/1770] Built Mathlib.Data.Int.Order.Units (3.1s)
✔ [1760/1770] Built Mathlib.Analysis.Complex.Norm (12s)
✔ [1761/1771] Built Mathlib.Data.Int.ModEq (8.8s)
✔ [1762/1772] Built Mathlib.Algebra.Order.Star.Basic (17s)
✔ [1763/1774] Built Mathlib.Data.Fintype.Units (2.7s)
✔ [1764/1774] Built Mathlib.Algebra.CharP.Basic (2.0s)
✔ [1765/1775] Built Mathlib.Algebra.CharP.Two (5.2s)
✔ [1766/1775] Built Mathlib.Algebra.Group.Submonoid.Finite (5.0s)
✔ [1767/1775] Built Mathlib.Data.Finite.Card (4.4s)
✔ [1768/1775] Built Mathlib.Topology.Algebra.InfiniteSum.ENNReal (23s)
✔ [1769/1780] Built Mathlib.Algebra.Group.TransferInstance (5.8s)
✔ [1770/1782] Built Mathlib.Algebra.Group.Subgroup.Finite (7.9s)
✔ [1771/1784] Built Mathlib.Algebra.Ring.Associated (3.9s)
✔ [1772/1784] Built Mathlib.Analysis.Complex.Exponential (16s)
✔ [1773/1785] Built Mathlib.Analysis.Normed.Group.InfiniteSum (6.4s)
✔ [1774/1787] Built Mathlib.Data.Nat.Prime.Basic (5.0s)
✔ [1775/1787] Built Mathlib.GroupTheory.Coset.Card (9.9s)
✔ [1776/1787] Built Mathlib.Data.Nat.Log (8.3s)
✔ [1777/1789] Built Mathlib.Data.Nat.Prime.Pow (3.2s)
✔ [1778/1792] Built Mathlib.Data.List.Prime (4.1s)
✔ [1779/1798] Built Mathlib.Algebra.GCDMonoid.Basic (18s)
✔ [1780/1798] Built Mathlib.Algebra.IsPrimePow (4.1s)
✔ [1781/1798] Built Mathlib.Data.Nat.Prime.Infinite (3.7s)
✔ [1782/1798] Built Mathlib.Algebra.GCDMonoid.Nat (5.2s)
✔ [1783/1798] Built Mathlib.Data.Nat.Factors (6.2s)
✔ [1784/1800] Built Mathlib.Analysis.Asymptotics.Lemmas (27s)
✔ [1785/1800] Built Mathlib.Order.Interval.Set.Infinite (2.4s)
✔ [1786/1800] Built Mathlib.Data.Nat.PrimeFin (3.6s)
✔ [1787/1801] Built Mathlib.Algebra.GCDMonoid.Multiset (5.3s)
✔ [1788/1804] Built Mathlib.Tactic.ComputeAsymptotics.Lemmas (4.1s)
✔ [1789/1804] Built Mathlib.GroupTheory.Index (22s)
✔ [1790/1804] Built Mathlib.Algebra.GCDMonoid.Finset (5.3s)
✔ [1791/1805] Built Mathlib.Tactic.LinearCombination.Lemmas (7.1s)
✔ [1792/1806] Built Mathlib.Tactic.Ring.Compare (7.2s)
✔ [1793/1806] Built Mathlib.Dynamics.PeriodicPts.Lemmas (5.5s)
✔ [1794/1809] Built Mathlib.Algebra.Algebra.IsSimpleRing (2.3s)
✔ [1795/1809] Built Mathlib.Analysis.Complex.Order (7.8s)
✔ [1796/1811] Built Mathlib.Tactic.LinearCombination (8.9s)
✔ [1797/1814] Built Mathlib.Algebra.Module.Rat (6.0s)
✔ [1798/1814] Built Mathlib.Analysis.Normed.Group.Int (4.2s)
✔ [1799/1814] Built Mathlib.NumberTheory.Divisors (24s)
✔ [1800/1814] Built Mathlib.Algebra.QuadraticDiscriminant (6.0s)
✔ [1801/1814] Built Mathlib.Algebra.Order.Module.Rat (4.7s)
✔ [1802/1814] Built Mathlib.Algebra.Algebra.Opposite (7.0s)
✔ [1803/1814] Built Mathlib.Algebra.Algebra.RestrictScalars (4.5s)
✔ [1804/1820] Built Mathlib.Algebra.Algebra.Pi (8.1s)
✔ [1805/1820] Built Mathlib.Algebra.Order.BigOperators.Expect (10s)
✔ [1806/1821] Built Mathlib.Algebra.Group.Subgroup.Order (3.0s)
✔ [1807/1823] Built Mathlib.Analysis.Normed.Group.Hom (15s)
✔ [1808/1826] Built Mathlib.Topology.Instances.Nat (4.3s)
✔ [1809/1827] Built Mathlib.Algebra.Order.GroupWithZero.Finset (3.2s)
✔ [1810/1827] Built Mathlib.GroupTheory.Archimedean (5.0s)
✔ [1811/1831] Built Mathlib.Topology.MetricSpace.Dilation (7.6s)
✔ [1812/1831] Built Mathlib.Topology.Algebra.Order.Archimedean (5.4s)
✔ [1813/1831] Built Mathlib.LinearAlgebra.Basis.Defs (11s)
✔ [1814/1831] Built Mathlib.Topology.MetricSpace.DilationEquiv (6.0s)
✔ [1815/1836] Built Mathlib.Analysis.Normed.Ring.Lemmas (10s)
✔ [1816/1837] Built Mathlib.Topology.Instances.Rat (6.9s)
✔ [1817/1837] Built Mathlib.Data.List.Pi (3.0s)
✔ [1818/1837] Built Mathlib.GroupTheory.OrderOfElement (38s)
✔ [1819/1837] Built Mathlib.LinearAlgebra.Finsupp.SumProd (3.1s)
✔ [1820/1839] Built Mathlib.Analysis.Normed.Group.Rat (5.1s)
✔ [1821/1839] Built Mathlib.Data.Fintype.Quotient (5.8s)
✔ [1822/1841] Built Mathlib.Data.DFinsupp.Defs (16s)
✔ [1823/1841] Built Mathlib.Data.DFinsupp.Module (5.7s)
✔ [1824/1841] Built Mathlib.Analysis.Normed.Field.Lemmas (12s)
✔ [1825/1841] Built Mathlib.Data.DFinsupp.Ext (3.7s)
✔ [1826/1842] Built Mathlib.Data.ZMod.Basic (15s)
✔ [1827/1842] Built Mathlib.Data.DFinsupp.Sigma (4.6s)
✔ [1828/1844] Built Mathlib.Data.Finsupp.ToDFinsupp (5.9s)
✔ [1829/1844] Built Mathlib.Algebra.BigOperators.Fin (19s)
✔ [1830/1844] Built Mathlib.Data.ZMod.IntUnitsPower (4.9s)
✔ [1831/1847] Built Mathlib.Data.DFinsupp.BigOperators (14s)
✔ [1832/1847] Built Mathlib.Analysis.Normed.Module.Basic (19s)
✔ [1833/1847] Built Mathlib.Logic.Equiv.Fin.Rotate (4.5s)
✔ [1834/1847] Built Mathlib.Algebra.Ring.NegOnePow (4.2s)
✔ [1835/1847] Built Mathlib.Data.DFinsupp.Submonoid (4.5s)
✔ [1836/1850] Built Mathlib.Data.Fin.Tuple.Reflection (9.7s)
✔ [1837/1851] Built Mathlib.LinearAlgebra.LinearIndependent.Defs (21s)
✔ [1838/1851] Built Mathlib.LinearAlgebra.BilinearMap (38s)
✔ [1839/1851] Built Mathlib.Algebra.Field.NegOnePow (5.2s)
✔ [1840/1851] Built Mathlib.Algebra.Ring.Periodic (9.8s)
✔ [1841/1851] Built Mathlib.Topology.Algebra.Module.LinearMapPiProd (12s)
✔ [1842/1851] Built Mathlib.Algebra.Star.Pi (6.3s)
✔ [1843/1851] Built Mathlib.LinearAlgebra.LinearIndependent.Basic (15s)
✔ [1844/1853] Built Mathlib.Algebra.Field.Periodic (5.7s)
✔ [1845/1856] Built Mathlib.Algebra.Group.Action.TransferInstance (4.8s)
✔ [1846/1861] Built Mathlib.Tactic.Module (31s)
✔ [1847/1862] Built Mathlib.Algebra.Group.Shrink (5.7s)
✔ [1848/1863] Built Mathlib.LinearAlgebra.Dual.Defs (16s)
✔ [1849/1863] Built Mathlib.Algebra.GroupWithZero.Action.TransferInstance (3.9s)
✔ [1850/1864] Built Mathlib.Algebra.Module.Submodule.Bilinear (5.4s)
✔ [1851/1864] Built Mathlib.Algebra.Group.Pointwise.Set.BigOperators (6.5s)
✔ [1852/1865] Built Mathlib.Algebra.Module.Submodule.Finsupp (6.5s)
✔ [1853/1865] Built Mathlib.Algebra.Module.TransferInstance (8.3s)
✔ [1854/1867] Built Mathlib.Algebra.Ring.NonZeroDivisors (7.6s)
✔ [1855/1870] Built Mathlib.Algebra.Module.Shrink (4.0s)
✔ [1856/1870] Built Mathlib.Algebra.Ring.Submonoid.Pointwise (9.7s)
✔ [1857/1870] Built Mathlib.Topology.Algebra.Module.Equiv (41s)
✔ [1858/1872] Built Mathlib.LinearAlgebra.LinearIndependent.Lemmas (27s)
✔ [1859/1872] Built Mathlib.Algebra.Order.Kleene (6.6s)
✔ [1860/1873] Built Mathlib.GroupTheory.GroupAction.SubMulAction.Pointwise (3.9s)
✔ [1861/1873] Built Mathlib.Algebra.Module.LinearMap.Star (3.0s)
✔ [1862/1875] Built Mathlib.Data.Set.Semiring (5.9s)
✔ [1863/1878] Built Mathlib.LinearAlgebra.TensorProduct.Defs (23s)
✔ [1864/1878] Built Mathlib.Algebra.Star.Module (11s)
✔ [1865/1878] Built Mathlib.Algebra.Star.Pointwise (4.8s)
✔ [1866/1878] Built Mathlib.Algebra.Star.StarAlgHom (18s)
✔ [1867/1878] Built Mathlib.LinearAlgebra.DFinsupp (21s)
✔ [1868/1878] Built Mathlib.Algebra.Star.Prod (3.5s)
✔ [1869/1881] Built Mathlib.Algebra.Star.Center (3.8s)
✔ [1870/1881] Built Mathlib.Algebra.Module.BigOperators (3.4s)
✔ [1871/1882] Built Mathlib.RingTheory.Coprime.Basic (9.8s)
✔ [1872/1882] Built Mathlib.LinearAlgebra.TensorProduct.Basic (22s)
✔ [1873/1882] Built Mathlib.RingTheory.Coprime.Lemmas (5.2s)
✔ [1874/1890] Built Mathlib.Algebra.Field.IsField (3.4s)
✔ [1875/1891] Built Mathlib.RingTheory.Ideal.Defs (4.6s)
✔ [1876/1893] Built Mathlib.RingTheory.Ideal.Lattice (3.6s)
✔ [1877/1895] Built Mathlib.RingTheory.Ideal.Span (5.4s)
✔ [1878/1895] Built Mathlib.RingTheory.Ideal.Prime (4.1s)
✔ [1879/1896] Built Mathlib.Tactic.NoncommRing (3.9s)
✔ [1880/1896] Built Mathlib.Algebra.Star.MonoidHom (6.1s)
✔ [1881/1898] Built Mathlib.RingTheory.Ideal.Maximal (6.3s)
✔ [1882/1898] Built Mathlib.Data.Real.Star (4.1s)
✔ [1883/1898] Built Mathlib.LinearAlgebra.TensorProduct.Map (41s)
✔ [1884/1899] Built Mathlib.RingTheory.Ideal.Nonunits (3.2s)
✔ [1885/1899] Built Mathlib.RingTheory.Ideal.Basic (6.5s)
✔ [1886/1899] Built Mathlib.Analysis.Normed.Operator.LinearIsometry (65s)
✔ [1887/1903] Built Mathlib.Topology.Algebra.Module.Star (7.0s)
✔ [1888/1903] Built Mathlib.Algebra.Star.NonUnitalSubalgebra (64s)
✔ [1889/1904] Built Mathlib.Algebra.Group.TypeTags.Finite (3.9s)
✔ [1890/1906] Built Mathlib.Analysis.Normed.Operator.ContinuousLinearMap (7.3s)
✔ [1891/1909] Built Mathlib.Algebra.Algebra.Bilinear (10s)
✔ [1892/1913] Built Mathlib.Algebra.CharP.Invertible (2.8s)
✔ [1893/1913] Built Mathlib.Algebra.Group.AddChar (8.7s)
✔ [1894/1913] Built Mathlib.LinearAlgebra.Basis.Basic (6.3s)
✔ [1895/1917] Built Mathlib.Analysis.Normed.Ring.Finite (5.5s)
✔ [1896/1918] Built Mathlib.Algebra.DirectSum.Basic (14s)
✔ [1897/1918] Built Mathlib.GroupTheory.Abelianization.Defs (6.6s)
✔ [1898/1918] Built Mathlib.Algebra.Algebra.Operations (28s)
✔ [1899/1918] Built Mathlib.LinearAlgebra.TensorProduct.Associator (26s)
✔ [1900/1918] Built Mathlib.Algebra.DirectSum.Module (23s)
✔ [1901/1920] Built Mathlib.GroupTheory.FreeGroup.Basic (27s)
✔ [1902/1920] Built Mathlib.RingTheory.Ideal.Operations (29s)
✔ [1903/1920] Built Mathlib.Algebra.MonoidAlgebra.Defs (29s)
✔ [1904/1921] Built Mathlib.Algebra.Algebra.Subalgebra.Lattice (20s)
✔ [1905/1923] Built Mathlib.Algebra.DirectSum.Finsupp (3.2s)
✔ [1906/1923] Built Mathlib.Algebra.MonoidAlgebra.Lift (7.1s)
✔ [1907/1923] Built Mathlib.GroupTheory.FreeAbelianGroup (11s)
✔ [1908/1923] Built Mathlib.Algebra.Algebra.Subalgebra.Tower (5.7s)
✔ [1909/1923] Built Mathlib.Algebra.Group.UniqueProds.Basic (16s)
✔ [1910/1926] Built Mathlib.RingTheory.Ideal.Maps (24s)
✔ [1911/1926] Built Mathlib.Algebra.MonoidAlgebra.Opposite (7.7s)
✔ [1912/1926] Built Mathlib.Algebra.MonoidAlgebra.Module (11s)
✔ [1913/1926] Built Mathlib.Algebra.FreeAbelianGroup.Finsupp (4.8s)
✔ [1914/1926] Built Mathlib.Data.Multiset.Sort (6.3s)
✔ [1915/1928] Built Mathlib.Algebra.Star.Subalgebra (30s)
✔ [1916/1932] Built Mathlib.Algebra.MonoidAlgebra.NoZeroDivisors (5.0s)
✔ [1917/1933] Built Mathlib.Algebra.Algebra.Spectrum.Basic (13s)
✔ [1918/1933] Built Mathlib.Data.Finsupp.Fintype (4.1s)
✔ [1919/1933] Built Mathlib.Data.Finset.Sort (9.5s)
✔ [1920/1933] Built Mathlib.LinearAlgebra.Finsupp.Span (7.4s)
✔ [1921/1933] Built Mathlib.Data.Finite.Sum (3.9s)
✔ [1922/1934] Built Mathlib.LinearAlgebra.FreeModule.Basic (5.6s)
✔ [1923/1939] Built Mathlib.LinearAlgebra.TensorProduct.Tower (83s)
✔ [1924/1939] Built Mathlib.Algebra.BigOperators.RingEquiv (4.1s)
✔ [1925/1939] Built Mathlib.Algebra.Star.Unitary (16s)
✔ [1926/1941] Built Mathlib.GroupTheory.DedekindFinite (4.5s)
✔ [1927/1941] Built Mathlib.LinearAlgebra.Matrix.Defs (6.0s)
✔ [1928/1945] Built Mathlib.Algebra.Polynomial.Basic (15s)
✔ [1929/1946] Built Mathlib.Data.Matrix.Diagonal (5.6s)
✔ [1930/1946] Built Mathlib.Algebra.Star.BigOperators (3.9s)
✔ [1931/1947] Built Mathlib.LinearAlgebra.DirectSum.TensorProduct (13s)
✔ [1932/1947] Built Mathlib.Analysis.CStarAlgebra.Basic (11s)
✔ [1933/1947] Built Mathlib.LinearAlgebra.Finsupp.VectorSpace (5.6s)
✔ [1934/1947] Built Mathlib.LinearAlgebra.Basis.Prod (3.8s)
✔ [1935/1947] Built Mathlib.LinearAlgebra.Basis.Fin (6.9s)
✔ [1936/1954] Built Mathlib.LinearAlgebra.Basis.SMul (7.3s)
✔ [1937/1954] Built Mathlib.LinearAlgebra.DirectSum.Finsupp (14s)
✔ [1938/1954] Built Mathlib.LinearAlgebra.StdBasis (9.4s)
✔ [1939/1954] Built Mathlib.Data.Matrix.Mul (21s)
✔ [1940/1959] Built Mathlib.RingTheory.AlgebraTower (10s)
✔ [1941/1961] Built Mathlib.Algebra.Ring.Regular (4.4s)
✔ [1942/1961] Built Mathlib.LinearAlgebra.TensorProduct.Basis (10s)
✔ [1943/1963] Built Mathlib.Topology.Algebra.InfiniteSum.Module (6.6s)
✔ [1944/1963] Built Mathlib.Algebra.Order.Interval.Set.Instances (8.6s)
✔ [1945/1963] Built Mathlib.Topology.Instances.RealVectorSpace (5.2s)
✔ [1946/1963] Built Mathlib.Analysis.RCLike.Basic (42s)
✔ [1947/1965] Built Mathlib.Algebra.Module.Projective (8.4s)
✔ [1948/1966] Built Mathlib.Data.Matrix.Basic (29s)
✔ [1949/1967] Built Mathlib.Analysis.Asymptotics.Theta (10s)
✔ [1950/1967] Built Mathlib.Tactic.NormNum.NatFactorial (4.6s)
✔ [1951/1967] Built Mathlib.Algebra.BigOperators.Module (6.5s)
✔ [1952/1968] Built Mathlib.Algebra.Order.Field.Power (8.1s)
✔ [1953/1969] Built Mathlib.Data.Matrix.Basis (10s)
✔ [1954/1969] Built Mathlib.Topology.Algebra.Algebra (16s)
✔ [1955/1969] Built Mathlib.Algebra.MonoidAlgebra.Support (4.7s)
✔ [1956/1970] Built Mathlib.Data.Matrix.Composition (6.2s)
✔ [1957/1970] Built Mathlib.LinearAlgebra.Matrix.StdBasis (6.1s)
✔ [1958/1975] Built Mathlib.LinearAlgebra.Matrix.ConjTranspose (10s)
✔ [1959/1975] Built Mathlib.Topology.Algebra.Algebra.Equiv (9.4s)
✔ [1960/1975] Built Mathlib.Analysis.Complex.Trigonometric (18s)
✔ [1961/1975] Built Mathlib.Algebra.Polynomial.Coeff (9.9s)
✔ [1962/1979] Built Mathlib.Data.Nat.Cast.WithTop (1.9s)
✔ [1963/1983] Built Mathlib.Data.Nat.WithBot (3.9s)
✔ [1964/1988] Built Mathlib.LinearAlgebra.Matrix.RowCol (8.8s)
✔ [1965/1988] Built Mathlib.Data.Matrix.Block (13s)
✔ [1966/1990] Built Mathlib.Algebra.MonoidAlgebra.Degree (18s)
✔ [1967/1990] Built Mathlib.Algebra.Polynomial.Monomial (4.7s)
✔ [1968/1992] Built Mathlib.Algebra.Polynomial.Eval.Defs (13s)
✔ [1969/1992] Built Mathlib.Topology.Order.Lattice (6.3s)
✔ [1970/1993] Built Mathlib.Topology.Algebra.InfiniteSum.Real (7.0s)
✔ [1971/1993] Built Mathlib.Algebra.Polynomial.Degree.Defs (9.8s)
✔ [1972/1993] Built Mathlib.LinearAlgebra.Matrix.Notation (17s)
✔ [1973/1993] Built Mathlib.Data.Nat.Factorial.BigOperators (2.6s)
✔ [1974/1993] Built Mathlib.Algebra.Polynomial.Eval.Coeff (5.5s)
✔ [1975/1993] Built Mathlib.Analysis.Normed.Order.Lattice (7.0s)
✔ [1976/1999] Built Mathlib.Algebra.Polynomial.Degree.Monomial (3.8s)
✔ [1977/1999] Built Mathlib.Analysis.Normed.Ring.InfiniteSum (10s)
✔ [1978/2003] Built Mathlib.Tactic.ProxyType (7.0s)
✔ [1979/2004] Built Mathlib.Data.Nat.Cast.Order.Field (4.1s)
✔ [1980/2005] Built Mathlib.Algebra.Polynomial.Degree.Operations (11s)
✔ [1981/2005] Built Mathlib.Tactic.DeriveFintype (7.2s)
✔ [1982/2005] Built Mathlib.Data.Nat.Choose.Bounds (6.3s)
✔ [1983/2008] Built Mathlib.Order.Filter.AtTopBot.ModEq (2.7s)
✔ [1984/2008] Built Mathlib.Topology.Semicontinuity.Defs (11s)
✔ [1985/2008] Built Mathlib.Algebra.Polynomial.Degree.SmallDegree (5.6s)
✔ [1986/2009] Built Mathlib.Algebra.Polynomial.Degree.Domain (4.3s)
✔ [1987/2009] Built Mathlib.Algebra.Polynomial.Degree.Support (6.0s)
✔ [1988/2012] Built Mathlib.Algebra.Polynomial.Eval.Algebra (4.2s)
✔ [1989/2012] Built Mathlib.Data.Sign.Defs (8.6s)
✔ [1990/2012] Built Mathlib.Algebra.Polynomial.Degree.Units (6.5s)
✔ [1991/2012] Built Mathlib.Topology.Algebra.MetricSpace.Lipschitz (11s)
✔ [1992/2012] Built Mathlib.LinearAlgebra.Matrix.ToLin (42s)
✔ [1993/2012] Built Mathlib.Algebra.Polynomial.Degree.TrailingDegree (9.0s)
✔ [1994/2012] Built Mathlib.Topology.Semicontinuity.Basic (21s)
✔ [1995/2014] Built Mathlib.Data.Sign.Basic (7.1s)
✔ [1996/2014] Built Mathlib.Algebra.Polynomial.Eval.Degree (6.6s)
✔ [1997/2014] Built Mathlib.LinearAlgebra.Quotient.Card (3.3s)
✔ [1998/2014] Built Mathlib.Data.EReal.Inv (10s)
✔ [1999/2014] Built Mathlib.Topology.Order.AtTopBotIxx (25s)
✔ [2000/2016] Built Mathlib.Algebra.Polynomial.Degree.Lemmas (12s)
✔ [2001/2017] Built Mathlib.LinearAlgebra.Complex.Module (23s)
✔ [2002/2017] Built Mathlib.LinearAlgebra.Isomorphisms (12s)
✔ [2003/2017] Built Mathlib.Algebra.Ring.Action.Submonoid (4.3s)
✔ [2004/2017] Built Mathlib.Topology.Instances.EReal.Lemmas (15s)
✔ [2005/2018] Built Mathlib.RingTheory.Polynomial.Pochhammer (12s)
✔ [2006/2018] Built Mathlib.Algebra.Ring.Fin (1.7s)
✔ [2007/2021] Built Mathlib.Algebra.Polynomial.EraseLead (10s)
✔ [2008/2023] Built Mathlib.Algebra.Algebra.Subalgebra.Operations (6.9s)
✔ [2009/2023] Built Mathlib.GroupTheory.QuotientGroup.Finite (5.4s)
✔ [2010/2025] Built Mathlib.Algebra.Polynomial.Reverse (8.4s)
✔ [2011/2027] Built Mathlib.RingTheory.Ideal.Quotient.Defs (9.9s)
✔ [2012/2027] Built Mathlib.Analysis.SpecificLimits.Basic (15s)
✔ [2013/2027] Built Mathlib.Analysis.Complex.Basic (22s)
✔ [2014/2027] Built Mathlib.Algebra.Polynomial.Monic (9.4s)
✔ [2015/2027] Built Mathlib.RingTheory.Ideal.Quotient.Basic (8.4s)
✔ [2016/2028] Built Mathlib.Analysis.Normed.Module.RCLike.Real (8.7s)
✔ [2017/2028] Built Mathlib.Analysis.Complex.Asymptotics (4.4s)
✔ [2018/2034] Built Mathlib.Topology.MetricSpace.HausdorffDistance (14s)
✔ [2019/2034] Built Mathlib.Topology.Order.ProjIcc (6.7s)
✔ [2020/2034] Built Mathlib.Topology.Hom.ContinuousEvalConst (4.6s)
✔ [2021/2034] Built Mathlib.Topology.MetricSpace.Thickening (13s)
✔ [2022/2035] Built Mathlib.Analysis.SpecificLimits.Normed (29s)
✔ [2023/2036] Built Mathlib.Topology.Hom.ContinuousEval (4.9s)
✔ [2024/2036] Built Mathlib.Topology.UnitInterval (21s)
✔ [2025/2037] Built Mathlib.Data.Int.SuccPred (4.2s)
✔ [2026/2037] Built Mathlib.Analysis.Normed.Group.Pointwise (10s)
✔ [2027/2039] Built Mathlib.Analysis.SpecialFunctions.Exp (9.3s)
✔ [2028/2039] Built Mathlib.Order.Circular (4.8s)
✔ [2029/2039] Built Mathlib.Topology.CompactOpen (10s)
✔ [2030/2039] Built Mathlib.RingTheory.Ideal.Quotient.Operations (45s)
✔ [2031/2041] Built Mathlib.GroupTheory.QuotientGroup.ModEq (2.8s)
✔ [2032/2041] Built Mathlib.Algebra.Order.Interval.Set.Group (7.2s)
✔ [2033/2041] Built Mathlib.Analysis.Normed.Module.Ball.Pointwise (14s)
✔ [2034/2041] Built Mathlib.Algebra.Group.Units.Opposite (5.4s)
✔ [2035/2042] Built Mathlib.Topology.Path (21s)
✔ [2036/2042] Built Mathlib.Analysis.SpecialFunctions.Trigonometric.Basic (24s)
✔ [2037/2042] Built Mathlib.Analysis.Normed.Group.Quotient (22s)
✔ [2038/2045] Built Mathlib.Algebra.Ring.AddAut (3.4s)
✔ [2039/2045] Built Mathlib.Data.Nat.Cast.Field (3.7s)
✔ [2040/2048] Built Mathlib.Algebra.Order.Group.Finset (5.5s)
✔ [2041/2049] Built Mathlib.Order.Preorder.Finsupp (4.7s)
✔ [2042/2053] Built Mathlib.Algebra.Notation.Lemmas (2.3s)
✔ [2043/2054] Built Mathlib.Topology.Connected.PathConnected (10s)
✔ [2044/2054] Built Mathlib.Data.Nat.MaxPowDiv (2.5s)
✔ [2045/2060] Built Mathlib.Data.Finsupp.Multiset (7.5s)
✔ [2046/2060] Built Mathlib.Algebra.Order.Pi (4.5s)
✔ [2047/2060] Built Mathlib.Algebra.Group.Nat.Range (4.7s)
✔ [2048/2064] Built Mathlib.GroupTheory.Divisible (6.1s)
✔ [2049/2065] Built Mathlib.RingTheory.Multiplicity (13s)
✔ [2050/2065] Built Mathlib.Data.Nat.Count (3.5s)
✔ [2051/2066] Built Mathlib.Algebra.Group.Subgroup.ZPowers.Lemmas (4.9s)
✔ [2052/2068] Built Mathlib.Data.Finsupp.Order (8.9s)
✔ [2053/2068] Built Mathlib.NumberTheory.Padics.PadicVal.Defs (3.7s)
✔ [2054/2068] Built Mathlib.Algebra.Order.ToIntervalMod (36s)
✔ [2055/2070] Built Mathlib.Algebra.CharZero.Quotient (2.5s)
✔ [2056/2070] Built Mathlib.Topology.Instances.Sign (1.0s)
✔ [2057/2073] Built Mathlib.Data.Nat.Periodic (3.3s)
✔ [2058/2075] Built Mathlib.Topology.Instances.ZMultiples (3.3s)
✔ [2059/2081] Built Mathlib.Algebra.Order.Ring.Interval (2.9s)
✔ [2060/2081] Built Mathlib.Data.Nat.NthRoot.Defs (1.2s)
✔ [2061/2082] Built Mathlib.Tactic.Qify (3.0s)
✔ [2062/2082] Built Mathlib.Data.Nat.Factorization.Defs (5.5s)
✔ [2063/2082] Built Mathlib.Analysis.Normed.Group.FunctionSeries (5.5s)
✔ [2064/2082] Built Mathlib.Order.CompleteLattice.Group (3.1s)
✔ [2065/2082] Built Mathlib.Tactic.Rify (3.5s)
✔ [2066/2083] Built Mathlib.Analysis.SpecialFunctions.Trigonometric.Inverse (10s)
✔ [2067/2084] Built Mathlib.Data.Nat.Factorization.Induction (3.0s)
✔ [2068/2084] Built Mathlib.Topology.Algebra.Indicator (6.8s)
✔ [2069/2088] Built Mathlib.Data.Nat.Factorization.Basic (10s)
✔ [2070/2088] Built Mathlib.Analysis.SpecialFunctions.Log.Basic (14s)
✔ [2071/2089] Built Mathlib.Topology.Compactness.CompactlyCoherentSpace (3.3s)
✔ [2072/2089] Built Mathlib.Topology.Bornology.BoundedOperation (6.4s)
✔ [2073/2090] Built Mathlib.Topology.MetricSpace.PiNat (17s)
✔ [2074/2091] Built Mathlib.Algebra.Module.MinimalAxioms (3.1s)
✔ [2075/2092] Built Mathlib.Data.Nat.Totient (8.9s)
✔ [2076/2093] Built Mathlib.Topology.UniformSpace.CompactConvergence (8.5s)
✔ [2077/2093] Built Mathlib.Algebra.Ring.Action.Pointwise.Set (4.3s)
✔ [2078/2093] Built Mathlib.GroupTheory.GroupAction.Pointwise (4.9s)
✔ [2079/2098] Built Mathlib.Algebra.Module.LinearMap.Prod (2.4s)
✔ [2080/2098] Built Mathlib.Algebra.Order.Module.Synonym (4.0s)
✔ [2081/2099] Built Mathlib.Algebra.AddTorsor.Basic (4.6s)
✔ [2082/2104] Built Mathlib.LinearAlgebra.AffineSpace.Defs (2.6s)
✔ [2083/2107] Built Mathlib.Algebra.Order.Algebra (7.3s)
✔ [2084/2109] Built Mathlib.Algebra.Order.GroupWithZero.Submonoid (3.6s)
✔ [2085/2110] Built Mathlib.Topology.Instances.AddCircle.Defs (22s)
✔ [2086/2110] Built Mathlib.Topology.ContinuousMap.Algebra (21s)
✔ [2087/2110] Built Mathlib.Algebra.Ring.Subring.Units (5.0s)
✔ [2088/2110] Built Mathlib.Topology.Bornology.Absorbs (7.4s)
✔ [2089/2113] Built Mathlib.Topology.Instances.AddCircle.Real (5.8s)
✔ [2090/2113] Built Mathlib.LinearAlgebra.AffineSpace.AffineSubspace.Defs (15s)
✔ [2091/2115] Built Mathlib.LinearAlgebra.AffineSpace.AffineMap (33s)
✔ [2092/2116] Built Mathlib.Analysis.Normed.Group.AddCircle (11s)
✔ [2093/2117] Built Mathlib.LinearAlgebra.Ray (17s)
✔ [2094/2117] Built Mathlib.Topology.ContinuousMap.Bounded.Basic (21s)
✔ [2095/2117] Built Mathlib.Topology.Algebra.UniformConvergence (9.5s)
✔ [2096/2117] Built Mathlib.Topology.MetricSpace.Equicontinuity (4.4s)
✔ [2097/2126] Built Mathlib.Topology.Algebra.Equicontinuity (6.6s)
✔ [2098/2133] Built Mathlib.Topology.Algebra.FilterBasis (15s)
✔ [2099/2136] Built Mathlib.LinearAlgebra.AffineSpace.AffineEquiv (28s)
✔ [2100/2136] Built Mathlib.Topology.Algebra.Group.AddTorsor (5.8s)
✔ [2101/2136] Built Mathlib.LinearAlgebra.Finsupp.Pi (9.8s)
✔ [2102/2136] Built Mathlib.Analysis.SpecialFunctions.Trigonometric.Angle (33s)
✔ [2103/2136] Built Mathlib.LinearAlgebra.AffineSpace.Midpoint (7.7s)
✔ [2104/2136] Built Mathlib.Topology.Algebra.Monoid.FunOnFinite (5.5s)
✔ [2105/2137] Built Mathlib.LinearAlgebra.AffineSpace.AffineSubspace.Basic (22s)
✔ [2106/2143] Built Mathlib.Topology.Algebra.Affine (10s)
✔ [2107/2143] Built Mathlib.LinearAlgebra.LinearPMap (40s)
✔ [2108/2143] Built Mathlib.Analysis.SpecialFunctions.Complex.Arg (16s)
✔ [2109/2143] Built Mathlib.Tactic.Peel (7.2s)
✔ [2110/2143] Built Mathlib.LinearAlgebra.AffineSpace.Restrict (6.9s)
✔ [2111/2145] Built Mathlib.LinearAlgebra.AffineSpace.Pointwise (9.7s)
✔ [2112/2145] Built Mathlib.Topology.NhdsKer (7.3s)
✔ [2113/2145] Built Mathlib.Analysis.Convex.Segment (19s)
✔ [2114/2145] Built Mathlib.Topology.Compactness.NhdsKer (3.6s)
✔ [2115/2145] Built Mathlib.Analysis.SpecialFunctions.Complex.Log (11s)
✔ [2116/2146] Built Mathlib.LinearAlgebra.AffineSpace.Combination (23s)
✔ [2117/2146] Built Mathlib.LinearAlgebra.Basis.VectorSpace (17s)
✔ [2118/2149] Built Mathlib.Analysis.Convex.Star (11s)
✔ [2119/2152] Built Mathlib.Topology.AlexandrovDiscrete (7.4s)
✔ [2120/2152] Built Mathlib.LinearAlgebra.AffineSpace.Centroid (6.8s)
✔ [2121/2154] Built Mathlib.Analysis.SpecialFunctions.Pow.Complex (8.4s)
✔ [2122/2154] Built Mathlib.Topology.Algebra.SeparationQuotient.Section (5.6s)
✔ [2123/2154] Built Mathlib.Topology.Connected.LocPathConnected (5.3s)
✔ [2124/2154] Built Mathlib.Tactic.SuppressCompilation (5.5s)
✔ [2125/2162] Built Mathlib.Analysis.Convex.Basic (18s)
✔ [2126/2162] Built Mathlib.Topology.ContinuousMap.Star (8.1s)
✔ [2127/2162] Built Mathlib.Dynamics.FixedPoints.Topology (4.1s)
✔ [2128/2162] Built Mathlib.LinearAlgebra.AffineSpace.Independent (25s)
✔ [2129/2162] Built Mathlib.Analysis.Convex.PathConnected (6.9s)
✔ [2130/2162] Built Mathlib.Topology.Sets.Closeds (11s)
✔ [2131/2162] Built Mathlib.Analysis.SpecialFunctions.Pow.Real (25s)
✔ [2132/2162] Built Mathlib.Analysis.Convex.Strict (12s)
✔ [2133/2162] Built Mathlib.Analysis.Convex.Hull (6.8s)
✔ [2134/2162] Built Mathlib.Topology.MetricSpace.Contracting (8.7s)
✔ [2135/2162] Built Mathlib.Topology.NoetherianSpace (7.4s)
✔ [2136/2166] Built Mathlib.LinearAlgebra.AffineSpace.Basis (15s)
✔ [2137/2166] Built Mathlib.Analysis.Convex.Function (25s)
✔ [2138/2168] Built Mathlib.LinearAlgebra.AffineSpace.Simplex.Basic (24s)
✔ [2139/2168] Built Mathlib.Topology.QuasiSeparated (7.7s)
✔ [2140/2169] Built Mathlib.Analysis.LocallyConvex.Basic (13s)
✔ [2141/2169] Built Mathlib.Data.Stream.Defs (3.6s)
✔ [2142/2169] Built Mathlib.Tactic.ENatToNat (4.6s)
✔ [2143/2169] Built Mathlib.Analysis.SpecialFunctions.Pow.NNReal (26s)
✔ [2144/2169] Built Mathlib.Topology.Sets.Compacts (12s)
✔ [2145/2169] Built Mathlib.Data.Stream.Init (9.7s)
✔ [2146/2172] Built Mathlib.Analysis.LocallyConvex.BalancedCoreHull (8.4s)
✔ [2147/2172] Built Mathlib.Tactic.ComputeAsymptotics.Multiseries.Basis (8.5s)
✔ [2148/2174] Built Mathlib.Data.Seq.Computation (10s)
✔ [2149/2175] Built Mathlib.Analysis.Convex.Combination (33s)
✔ [2150/2175] Built Mathlib.Analysis.SpecialFunctions.Pow.Asymptotics (8.7s)
✔ [2151/2176] Built Mathlib.Tactic.ComputeAsymptotics.Multiseries.Monomial.Predicates (4.0s)
✔ [2152/2176] Built Mathlib.Data.Seq.Defs (5.8s)
✔ [2153/2177] Built Mathlib.Tactic.ComputeDegree (8.2s)
✔ [2154/2177] Built Mathlib.Analysis.Convex.Jensen (14s)
✔ [2155/2177] Built Mathlib.Tactic.ComputeAsymptotics.Multiseries.Majorized (6.4s)
✔ [2156/2177] Built Mathlib.Analysis.Convex.StdSimplex (16s)
✔ [2157/2177] Built Mathlib.Tactic.ComputeAsymptotics.Multiseries.Monomial.Basic (8.4s)
✔ [2158/2177] Built Mathlib.Tactic.DeriveCountable (8.1s)
✔ [2159/2179] Built Mathlib.Analysis.Seminorm (51s)
✔ [2160/2180] Built Mathlib.Tactic.DeriveEncodable (10s)
✔ [2161/2180] Built Mathlib.Data.Seq.Basic (12s)
✔ [2162/2180] Built Mathlib.Control.Traversable.Lemmas (2.1s)
✔ [2163/2181] Built Mathlib.Tactic.Eval (2.7s)
✔ [2164/2183] Built Mathlib.Analysis.Convex.Topology (14s)
✔ [2165/2184] Built Mathlib.Tactic.Explode.Datatypes (2.8s)
✔ [2166/2185] Built Mathlib.Tactic.DeriveTraversable (10s)
✔ [2167/2185] Built Mathlib.Analysis.LocallyConvex.Bounded (16s)
✔ [2168/2185] Built Mathlib.Tactic.Explode.Pretty (2.6s)
✔ [2169/2186] Built Mathlib.Tactic.Ext (1.4s)
✔ [2170/2187] Built Mathlib.Analysis.Normed.Module.Convex (9.8s)
✔ [2171/2187] Built Mathlib.Tactic.FindSyntax (2.5s)
✔ [2172/2187] Built Mathlib.Topology.Algebra.Module.LocallyConvex (7.0s)
✔ [2173/2188] Built Mathlib.Tactic.Explode (2.4s)
✔ [2174/2188] Built Mathlib.Tactic.Generalize (1.8s)
✔ [2175/2189] Built Mathlib.Tactic.ComputeAsymptotics.Multiseries.Defs (21s)
✔ [2176/2190] Built Mathlib.Tactic.GeneralizeProofs (1.0s)
✔ [2177/2191] Built Mathlib.Tactic.Have (2.6s)
✔ [2178/2191] Built Mathlib.Topology.Algebra.Module.UniformConvergence (5.9s)
✔ [2179/2193] Built Mathlib.Tactic.Linarith.NNRealPreprocessor (4.0s)
✔ [2180/2194] Built Mathlib.Tactic.ITauto (8.0s)
✔ [2181/2195] Built Batteries.Lean.HashMap (831ms)
✔ [2182/2195] Built Mathlib.Tactic.IntervalCases (8.4s)
✔ [2183/2196] Built Mathlib.Tactic.Linarith.Oracle.FourierMotzkin (5.3s)
✔ [2184/2197] Built Mathlib.Tactic.Linter.CommandRanges (941ms)
✔ [2185/2197] Built Mathlib.Tactic.LinearCombinationPrime (8.1s)
✔ [2186/2202] Built Mathlib.Tactic.Linter.CommandStart (1.6s)
✔ [2188/2204] Built Mathlib.Tactic.Linter.FindDeprecations (4.6s)
✔ [2190/2204] Built Mathlib.Tactic.Linter.TextBased.UnicodeLinter (4.4s)
✔ [2191/2204] Built Mathlib.Tactic.Linter.ValidatePRTitle (3.4s)
✔ [2192/2206] Built Mathlib.Tactic.Linter.TextBased (6.3s)
✔ [2193/2206] Built Mathlib.Tactic.Measurability.Init (2.9s)
✔ [2194/2208] Built Mathlib.Tactic.Measurability (2.7s)
✔ [2195/2209] Built Mathlib.Analysis.LocallyConvex.WithSeminorms (32s)
✔ [2196/2210] Built Mathlib.Tactic.ModCases (3.7s)
✔ [2197/2211] Built Mathlib.Tactic.Monotonicity.Basic (1.7s)
✔ [2198/2211] Built Mathlib.Tactic.Monotonicity.Lemmas (1.8s)
✔ [2199/2211] Built Mathlib.Topology.Algebra.Module.Spaces.UniformConvergenceCLM (27s)
✔ [2200/2211] Built Mathlib.Tactic.MoveAdd (3.8s)
✔ [2201/2213] Built Mathlib.Tactic.Monotonicity (2.9s)
✔ [2202/2213] Built Mathlib.Tactic.NormNum.GCD (5.2s)
✔ [2203/2215] Built Mathlib.Data.Nat.Prime.Int (3.1s)
✔ [2204/2215] Built Mathlib.Data.Rat.Sqrt (2.6s)
✔ [2205/2222] Built Mathlib.Tactic.NormNum.BigOperators (8.7s)
✔ [2206/2222] Built Mathlib.Algebra.Order.Ring.GeomSum (5.3s)
✔ [2207/2225] Built Mathlib.Data.Nat.Choose.Central (4.6s)
✔ [2208/2229] Built Mathlib.Data.Nat.Digits.Defs (8.3s)
✔ [2209/2229] Built Mathlib.Algebra.MonoidAlgebra.Division (8.3s)
✔ [2210/2229] Built Mathlib.Algebra.MonoidAlgebra.MapDomain (17s)
✔ [2211/2229] Built Mathlib.Algebra.Polynomial.Inductions (6.2s)
✔ [2212/2229] Built Mathlib.Data.Nat.Digits.Lemmas (11s)
✔ [2213/2229] Built Mathlib.Algebra.Polynomial.Derivative (25s)
✔ [2214/2231] Built Mathlib.Data.Nat.Choose.Factorization (7.8s)
✔ [2215/2232] Built Mathlib.Topology.Algebra.Module.Spaces.ContinuousLinearMap (49s)
✔ [2216/2232] Built Mathlib.Data.Nat.Multiplicity (7.1s)
✔ [2217/2235] Built Mathlib.Algebra.Polynomial.Div (16s)
✔ [2218/2235] Built Mathlib.Order.PiLex (5.3s)
✔ [2219/2235] Built Mathlib.Data.DFinsupp.Order (10s)
✔ [2220/2235] Built Mathlib.Algebra.CharP.Lemmas (6.6s)
✔ [2221/2235] Built Mathlib.Algebra.MonoidAlgebra.Basic (28s)
✔ [2222/2235] Built Mathlib.Data.DFinsupp.NeLocus (4.9s)
✔ [2223/2235] Built Mathlib.Algebra.Order.Group.PiLex (4.0s)
✔ [2224/2243] Built Mathlib.Algebra.CharP.Frobenius (5.5s)
✔ [2225/2243] Built Mathlib.Algebra.Regular.Pow (3.4s)
✔ [2226/2243] Built Mathlib.Data.DFinsupp.Lex (10s)
✔ [2227/2247] Built Mathlib.Data.Finsupp.Antidiagonal (5.2s)
✔ [2228/2247] Built Mathlib.Analysis.Normed.Operator.Basic (28s)
✔ [2229/2248] Built Mathlib.Algebra.Polynomial.AlgebraMap (14s)
✔ [2230/2248] Built Mathlib.Data.Finsupp.Fin (3.3s)
✔ [2231/2248] Built Mathlib.Data.Finsupp.Lex (6.8s)
✔ [2232/2248] Built Mathlib.Algebra.Polynomial.BigOperators (7.2s)
✔ [2233/2248] Built Mathlib.Algebra.BigOperators.Finsupp.Fin (5.6s)
✔ [2234/2252] Built Mathlib.Algebra.Polynomial.RingDivision (9.1s)
✔ [2235/2253] Built Mathlib.Algebra.Order.SuccPred.PartialSups (4.4s)
✔ [2236/2253] Built Mathlib.Algebra.MvPolynomial.Basic (21s)
✔ [2237/2254] Built Mathlib.Algebra.Module.Congruence.Defs (5.6s)
✔ [2238/2272] Built Mathlib.Order.SuccPred.InitialSeg (2.5s)
✔ [2239/2272] Built Mathlib.Topology.ContinuousMap.Bounded.Normed (23s)
✔ [2240/2272] Built Mathlib.GroupTheory.Finiteness (12s)
✔ [2241/2274] Built Mathlib.Logic.Small.List (3.1s)
✔ [2242/2274] Built Mathlib.Order.Cofinal (4.0s)
✔ [2243/2278] Built Mathlib.RingTheory.Finiteness.Defs (5.9s)
✔ [2244/2278] Built Mathlib.Order.IsNormal (9.6s)
✔ [2245/2278] Built Mathlib.Topology.ContinuousMap.Bounded.Star (9.6s)
✔ [2246/2279] Built Mathlib.Algebra.MvPolynomial.Eval (17s)
✔ [2247/2279] Built Mathlib.SetTheory.Cardinal.Cofinality.Basic (6.3s)
✔ [2248/2279] Built Mathlib.RingTheory.Ideal.Prod (6.1s)
✔ [2249/2279] Built Mathlib.RingTheory.Finiteness.Basic (11s)
✔ [2250/2279] Built Mathlib.Algebra.Exact (25s)
✔ [2251/2280] Built Mathlib.SetTheory.Ordinal.Basic (20s)
✔ [2252/2280] Built Mathlib.Algebra.MvPolynomial.Rename (14s)
✔ [2253/2281] Built Mathlib.Topology.ContinuousMap.Compact (19s)
✔ [2254/2281] Built Mathlib.RingTheory.Noetherian.Defs (3.8s)
✔ [2255/2281] Built Mathlib.RingTheory.Adjoin.Polynomial.Basic (5.2s)
✔ [2256/2281] Built Mathlib.RingTheory.Finiteness.Finsupp (5.9s)
✔ [2257/2281] Built Mathlib.SetTheory.Ordinal.Univ (3.8s)
✔ [2258/2281] Built Mathlib.RingTheory.Algebraic.Defs (4.5s)
✔ [2259/2282] Built Mathlib.RingTheory.Polynomial.Tower (5.8s)
✔ [2260/2283] Built Mathlib.SetTheory.Ordinal.Arithmetic (16s)
✔ [2261/2283] Built Mathlib.Algebra.Polynomial.CancelLeads (7.1s)
✔ [2262/2285] Built Mathlib.Algebra.MvPolynomial.Degrees (14s)
✔ [2263/2285] Built Mathlib.Topology.MetricSpace.UniformConvergence (14s)
✔ [2264/2285] Built Mathlib.Algebra.Field.Equiv (2.4s)
✔ [2265/2285] Built Mathlib.Algebra.Polynomial.Eval.SMul (3.8s)
✔ [2266/2285] Built Mathlib.Algebra.MvPolynomial.Variables (8.5s)
✔ [2267/2285] Built Mathlib.SetTheory.Ordinal.Family (15s)
✔ [2268/2285] Built Mathlib.Algebra.Field.Subfield.Basic (14s)
✔ [2269/2285] Built Mathlib.Algebra.MvPolynomial.CommRing (8.5s)
✔ [2270/2291] Built Mathlib.Algebra.MvPolynomial.Equiv (20s)
✔ [2271/2299] Built Mathlib.SetTheory.Ordinal.Exponential (8.2s)
✔ [2272/2306] Built Mathlib.Tactic.ComputeAsymptotics.Multiseries.Corecursion (13s)
✔ [2273/2306] Built Mathlib.SetTheory.Ordinal.Enum (4.4s)
✔ [2274/2306] Built Mathlib.GroupTheory.OreLocalization.OreSet (3.0s)
✔ [2275/2311] Built Mathlib.Algebra.EuclideanDomain.Defs (4.1s)
✔ [2276/2312] Built Mathlib.Algebra.GroupWithZero.Submonoid.Primal (2.7s)
✔ [2277/2312] Built Mathlib.SetTheory.Ordinal.FixedPoint (6.0s)
✔ [2278/2312] Built Mathlib.Algebra.BigOperators.Associated (6.5s)
✔ [2279/2312] Built Mathlib.Algebra.EuclideanDomain.Field (4.2s)
✔ [2280/2320] Built Mathlib.Algebra.EuclideanDomain.Basic (6.6s)
✔ [2281/2320] Built Mathlib.SetTheory.Cardinal.Aleph (14s)
✔ [2282/2320] Built Mathlib.RingTheory.UniqueFactorizationDomain.Defs (4.9s)
✔ [2283/2320] Built Mathlib.GroupTheory.OreLocalization.Basic (16s)
✔ [2284/2320] Built Mathlib.Tactic.NormNum.IsCoprime (2.9s)
✔ [2285/2320] Built Mathlib.RingTheory.UniqueFactorizationDomain.Ideal (4.4s)
✔ [2286/2320] Built Mathlib.RingTheory.UniqueFactorizationDomain.Basic (8.6s)
✔ [2287/2320] Built Mathlib.SetTheory.Cardinal.Arithmetic (10s)
✔ [2288/2320] Built Mathlib.Tactic.NormNum.IsSquare (11s)
✔ [2289/2320] Built Mathlib.RingTheory.OreLocalization.Basic (5.6s)
✔ [2290/2320] Built Mathlib.RingTheory.Noetherian.UniqueFactorizationDomain (4.3s)
✔ [2291/2320] Built Mathlib.RingTheory.UniqueFactorizationDomain.NormalizedFactors (5.4s)
✔ [2292/2320] Built Mathlib.RingTheory.UniqueFactorizationDomain.FactorSet (9.1s)
✔ [2293/2321] Built Mathlib.RingTheory.OreLocalization.NonZeroDivisors (4.9s)
✔ [2294/2321] Built Mathlib.RingTheory.UniqueFactorizationDomain.Finite (5.3s)
✔ [2295/2321] Built Mathlib.SetTheory.Cardinal.Cofinality.Ordinal (13s)
✔ [2296/2321] Built Mathlib.RingTheory.PrincipalIdealDomain (9.2s)
✔ [2297/2322] Built Mathlib.RingTheory.UniqueFactorizationDomain.GCDMonoid (4.3s)
✔ [2298/2322] Built Mathlib.GroupTheory.MonoidLocalization.Basic (21s)
✔ [2299/2324] Built Mathlib.Data.Fintype.Parity (3.8s)
✔ [2300/2324] Built Mathlib.RingTheory.OreLocalization.Ring (8.4s)
✔ [2301/2324] Built Mathlib.RingTheory.EuclideanDomain (4.4s)
✔ [2302/2328] Built Mathlib.SetTheory.Cardinal.Regular (5.6s)
✔ [2303/2329] Built Mathlib.Data.Int.Range (4.5s)
✔ [2304/2329] Built Mathlib.Algebra.FreeMonoid.UniqueProds (3.7s)
✔ [2305/2330] Built Mathlib.SetTheory.Cardinal.Pigeonhole (5.5s)
✔ [2306/2330] Built Mathlib.NumberTheory.MulChar.Basic (10s)
✔ [2307/2330] Built Mathlib.Algebra.CharP.Reduced (5.8s)
✔ [2308/2330] Built Mathlib.Algebra.Field.ZMod (3.6s)
✔ [2309/2330] Built Mathlib.LinearAlgebra.Basis.Cardinality (6.2s)
✔ [2310/2330] Built Mathlib.Data.ZMod.ValMinAbs (6.9s)
✔ [2311/2330] Built Mathlib.GroupTheory.MonoidLocalization.Maps (17s)
✔ [2312/2331] Built Mathlib.Algebra.FreeAlgebra (10s)
✔ [2313/2335] Built Mathlib.GroupTheory.MonoidLocalization.MonoidWithZero (3.9s)
✔ [2314/2335] Built Mathlib.NumberTheory.LegendreSymbol.ZModChar (6.7s)
✔ [2315/2339] Built Mathlib.RingTheory.Finiteness.Cardinality (6.4s)
✔ [2316/2339] Built Mathlib.Algebra.EuclideanDomain.Int (3.5s)
✔ [2317/2341] Built Mathlib.Algebra.Module.Submodule.IterateMapComap (3.5s)
✔ [2318/2341] Built Mathlib.Algebra.Algebra.Subalgebra.Prod (5.0s)
✔ [2319/2341] Built Mathlib.RingTheory.Noetherian.Basic (8.6s)
✔ [2320/2341] Built Mathlib.RingTheory.OrzechProperty (8.2s)
✔ [2321/2342] Built Mathlib.RingTheory.Adjoin.Basic (8.2s)
✔ [2322/2346] Built Mathlib.RingTheory.Noetherian.Orzech (6.8s)
✔ [2323/2347] Built Mathlib.RingTheory.Localization.Defs (22s)
✔ [2324/2352] Built Mathlib.LinearAlgebra.Basis.Submodule (9.1s)
✔ [2325/2352] Built Mathlib.LinearAlgebra.Dimension.Basic (10s)
✔ [2326/2353] Built Mathlib.LinearAlgebra.FreeModule.Finite.Basic (7.1s)
✔ [2327/2353] Built Mathlib.LinearAlgebra.InvariantBasisNumber (9.5s)
✔ [2328/2353] Built Mathlib.RingTheory.Polynomial.Basic (20s)
✔ [2329/2354] Built Mathlib.SetTheory.Cardinal.Finsupp (2.8s)
✔ [2330/2354] Built Mathlib.LinearAlgebra.Dimension.Finrank (3.1s)
✔ [2331/2354] Built Mathlib.LinearAlgebra.Dimension.Subsingleton (3.6s)
✔ [2332/2354] Built Mathlib.RingTheory.Adjoin.FG (6.4s)
✔ [2333/2354] Built Mathlib.FieldTheory.Galois.Notation (6.0s)
✔ [2334/2355] Built Mathlib.Algebra.Polynomial.Expand (9.2s)
✔ [2335/2359] Built Mathlib.RingTheory.IntegralClosure.IsIntegral.Defs (3.3s)
✔ [2336/2359] Built Mathlib.RingTheory.Adjoin.Tower (6.1s)
✔ [2337/2363] Built Mathlib.RingTheory.Localization.Basic (17s)
✔ [2338/2363] Built Mathlib.RingTheory.Finiteness.Bilinear (4.1s)
✔ [2339/2364] Built Mathlib.LinearAlgebra.Dimension.StrongRankCondition (11s)
✔ [2340/2364] Built Mathlib.RingTheory.MvPolynomial.Tower (6.8s)
✔ [2341/2364] Built Mathlib.Algebra.Group.Pointwise.Finset.Scalar (8.7s)
✔ [2342/2364] Built Mathlib.RingTheory.Finiteness.Subalgebra (5.8s)
✔ [2343/2364] Built Mathlib.RingTheory.FiniteType (19s)
✔ [2344/2364] Built Mathlib.RingTheory.Ideal.Quotient.Noetherian (3.9s)
✔ [2345/2364] Built Mathlib.RingTheory.Localization.FractionRing (22s)
✔ [2346/2364] Built Mathlib.RingTheory.Finiteness.Ideal (3.7s)
✔ [2347/2364] Built Mathlib.LinearAlgebra.Dimension.Free (11s)
✔ [2348/2364] Built Mathlib.RingTheory.IntegralClosure.IsIntegral.Basic (6.1s)
✔ [2349/2364] Built Mathlib.Algebra.CharP.Algebra (3.6s)
✔ [2350/2364] Built Mathlib.LinearAlgebra.FreeModule.StrongRankCondition (4.5s)
✔ [2351/2366] Built Mathlib.FieldTheory.Minpoly.Basic (7.1s)
✔ [2352/2366] Built Mathlib.Algebra.Polynomial.Eval.Subring (6.2s)
✔ [2353/2371] Built Mathlib.RingTheory.FinitePresentation (17s)
✔ [2354/2371] Built Mathlib.LinearAlgebra.Dimension.Constructions (19s)
✔ [2355/2373] Built Mathlib.Algebra.Polynomial.Roots (23s)
✔ [2356/2373] Built Mathlib.Algebra.Polynomial.Lifts (6.6s)
✔ [2357/2377] Built Mathlib.RingTheory.Localization.Integer (4.6s)
✔ [2358/2377] Built Mathlib.LinearAlgebra.Dimension.Finite (12s)
✔ [2359/2378] Built Mathlib.Algebra.Star.TensorProduct (8.9s)
✔ [2360/2378] Built Mathlib.Algebra.Polynomial.FieldDivision (16s)
✔ [2361/2381] Built Mathlib.FieldTheory.Finiteness (5.7s)
✔ [2362/2381] Built Mathlib.LinearAlgebra.Dimension.RankNullity (12s)
✔ [2363/2381] Built Mathlib.LinearAlgebra.FreeModule.Finite.Matrix (9.7s)
✔ [2364/2383] Built Mathlib.GroupTheory.MonoidLocalization.Away (8.6s)
✔ [2365/2383] Built Mathlib.RingTheory.Polynomial.Content (15s)
✔ [2366/2383] Built Mathlib.RingTheory.UniqueFactorizationDomain.Multiplicity (9.1s)
✔ [2367/2384] Built Mathlib.RingTheory.OreLocalization.OreSet (3.4s)
✔ [2368/2384] Built Mathlib.LinearAlgebra.Dimension.DivisionRing (9.9s)
✔ [2369/2384] Built Mathlib.Algebra.Module.LocalizedModule.Basic (54s)
✔ [2370/2384] Built Mathlib.RingTheory.Polynomial.UniqueFactorization (8.3s)
✔ [2371/2384] Built Mathlib.Algebra.Ring.Int.Field (4.2s)
✔ [2372/2385] Built Mathlib.Algebra.Module.LocalizedModule.IsLocalization (11s)
✔ [2373/2385] Built Mathlib.RingTheory.TensorProduct.Basic (59s)
✔ [2374/2385] Built Mathlib.RingTheory.Algebraic.Basic (28s)
✔ [2375/2386] Built Mathlib.RingTheory.Localization.Module (19s)
✔ [2376/2386] Built Mathlib.RingTheory.Localization.Away.Basic (35s)
✔ [2377/2386] Built Mathlib.LinearAlgebra.Matrix.Symmetric (6.7s)
✔ [2378/2386] Built Mathlib.NumberTheory.Real.Irrational (9.9s)
✔ [2379/2397] Built Mathlib.Tactic.NormNum.Irrational (16s)
✔ [2380/2397] Built Mathlib.Algebra.Polynomial.Laurent (16s)
✔ [2381/2397] Built Mathlib.Data.Sym.Sym2.Init (2.9s)
✔ [2382/2397] Built Mathlib.Order.Fin.Tuple (7.1s)
✔ [2383/2397] Built Mathlib.Algebra.Module.LocalizedModule.Submodule (35s)
✔ [2384/2398] Built Mathlib.Combinatorics.Enumerative.Composition (11s)
✔ [2385/2399] Built Mathlib.GroupTheory.Perm.Basic (2.0s)
✔ [2386/2403] Built Mathlib.Data.Fin.Tuple.NatAntidiagonal (7.1s)
✔ [2387/2407] Built Mathlib.Data.Fintype.Inv (4.4s)
✔ [2388/2408] Built Mathlib.Data.Sym.Sym2 (20s)
✔ [2389/2409] Built Mathlib.GroupTheory.Perm.Support (10s)
✔ [2390/2409] Built Mathlib.Data.Fintype.Perm (11s)
✔ [2391/2409] Built Mathlib.Logic.Equiv.Fintype (8.1s)
✔ [2392/2409] Built Mathlib.Data.List.Iterate (6.6s)
✔ [2393/2413] Built Mathlib.Data.List.Sym (12s)
✔ [2394/2415] Built Mathlib.Data.Set.Pairwise.List (2.9s)
✔ [2395/2415] Built Mathlib.GroupTheory.Perm.List (11s)
✔ [2396/2415] Built Mathlib.Data.Multiset.Sym (4.7s)
✔ [2397/2415] Built Mathlib.GroupTheory.Perm.Sign (11s)
✔ [2398/2415] Built Mathlib.GroupTheory.Perm.Finite (9.6s)
✔ [2399/2415] Built Mathlib.Data.Nat.GCD.BigOperators (2.5s)
✔ [2400/2415] Built Mathlib.RingTheory.TensorProduct.Maps (89s)
✔ [2401/2415] Built Mathlib.GroupTheory.Perm.Option (4.2s)
✔ [2402/2421] Built Mathlib.Data.Finset.Sym (4.9s)
✔ [2403/2424] Built Mathlib.GroupTheory.NoncommPiCoprod (10s)
✔ [2404/2426] Built Mathlib.GroupTheory.Perm.Cycle.Basic (13s)
✔ [2405/2426] Built Mathlib.Algebra.Order.Antidiag.Pi (12s)
✔ [2406/2426] Built Mathlib.Algebra.BigOperators.Group.Finset.Powerset (3.9s)
✔ [2407/2426] Built Mathlib.LinearAlgebra.Matrix.SemiringInverse (6.9s)
✔ [2408/2426] Built Mathlib.GroupTheory.Perm.Closure (5.1s)
✔ [2409/2429] Built Mathlib.GroupTheory.Perm.Cycle.Factors (11s)
✔ [2410/2432] Built Mathlib.Algebra.Order.Antidiag.Finsupp (7.4s)
✔ [2411/2432] Built Mathlib.LinearAlgebra.FiniteDimensional.Defs (8.9s)
✔ [2412/2432] Built Mathlib.Data.Matrix.Invertible (10s)
✔ [2413/2436] Built Mathlib.RingTheory.Finiteness.Lattice (5.8s)
✔ [2414/2436] Built Mathlib.Combinatorics.Enumerative.Partition.Basic (5.7s)
✔ [2415/2436] Built Mathlib.LinearAlgebra.Multilinear.Basic (31s)
✔ [2416/2437] Built Mathlib.LinearAlgebra.Matrix.Trace (11s)
✔ [2417/2442] Built Mathlib.LinearAlgebra.FiniteDimensional.Basic (19s)
✔ [2418/2447] Built Mathlib.Algebra.Polynomial.Identities (4.5s)
✔ [2419/2447] Built Mathlib.RingTheory.Nilpotent.Defs (3.5s)
✔ [2420/2450] Built Mathlib.LinearAlgebra.Multilinear.DFinsupp (16s)
✔ [2421/2452] Built Mathlib.RingTheory.Nilpotent.Lemmas (6.2s)
✔ [2422/2452] Built Mathlib.RingTheory.Nilpotent.Basic (6.7s)
✔ [2423/2453] Built Mathlib.GroupTheory.Perm.Cycle.Type (32s)
✔ [2424/2453] Built Mathlib.Data.ENat.Lattice (9.2s)
✔ [2425/2453] Built Mathlib.RingTheory.IntegralClosure.Algebra.Defs (3.4s)
✔ [2426/2453] Built Mathlib.LinearAlgebra.Multilinear.Finsupp (11s)
✔ [2427/2453] Built Mathlib.RingTheory.Polynomial.Nilpotent (6.5s)
✔ [2428/2453] Built Mathlib.RingTheory.IntegralClosure.IsIntegralClosure.Defs (3.4s)
✔ [2429/2453] Built Mathlib.RingTheory.IsTensorProduct (91s)
✔ [2430/2453] Built Mathlib.LinearAlgebra.Multilinear.Basis (9.3s)
✔ [2431/2454] Built Mathlib.Algebra.Module.SpanRank (10s)
✔ [2432/2454] Built Mathlib.RingTheory.PolynomialAlgebra (8.0s)
✔ [2433/2457] Built Mathlib.GroupTheory.Perm.Fin (16s)
✔ [2434/2457] Built Mathlib.Algebra.Order.SuccPred.WithBot (3.5s)
✔ [2435/2465] Built Mathlib.Data.Nat.Factorial.Cast (2.8s)
✔ [2436/2465] Built Mathlib.Data.Nat.Choose.Vandermonde (4.1s)
✔ [2437/2468] Built Mathlib.Data.Nat.Choose.Cast (2.0s)
✔ [2438/2468] Built Mathlib.Tactic.Positivity.Finset (6.1s)
✔ [2439/2471] Built Mathlib.RingTheory.Polynomial.Subring (5.9s)
✔ [2440/2472] Built Mathlib.Tactic.Positivity (3.6s)
✔ [2441/2472] Built Mathlib.RingTheory.LocalRing.Defs (1.3s)
✔ [2442/2472] Built Mathlib.LinearAlgebra.Alternating.Basic (24s)
✔ [2443/2474] Built Mathlib.RingTheory.TensorProduct.MvPolynomial (18s)
✔ [2444/2474] Built Mathlib.Algebra.Polynomial.HasseDeriv (9.3s)
✔ [2445/2474] Built Mathlib.RingTheory.LocalRing.Basic (4.9s)
✔ [2446/2477] Built Mathlib.LinearAlgebra.SModEq.Basic (10s)
✔ [2447/2477] Built Mathlib.RingTheory.Localization.BaseChange (37s)
✔ [2448/2477] Built Mathlib.RingTheory.Ideal.BigOperators (3.0s)
✔ [2449/2478] Built Mathlib.RingTheory.Polynomial.Ideal (7.2s)
✔ [2450/2479] Built Mathlib.Algebra.Polynomial.Taylor (9.3s)
✔ [2451/2480] Built Mathlib.LinearAlgebra.Matrix.Determinant.Basic (24s)
✔ [2452/2480] Built Mathlib.LinearAlgebra.Dual.Basis (11s)
✔ [2453/2480] Built Mathlib.RingTheory.Polynomial.Quotient (18s)
✔ [2454/2480] Built Mathlib.LinearAlgebra.Dimension.Localization (25s)
✔ [2455/2480] Built Mathlib.LinearAlgebra.Matrix.Reindex (9.6s)
✔ [2456/2480] Built Mathlib.LinearAlgebra.Matrix.Polynomial (10s)
✔ [2457/2480] Built Mathlib.LinearAlgebra.Matrix.Dual (3.5s)
✔ [2458/2480] Built Mathlib.LinearAlgebra.Matrix.MvPolynomial (5.3s)
✔ [2459/2480] Built Mathlib.LinearAlgebra.Matrix.Kronecker (20s)
✔ [2460/2480] Built Mathlib.Algebra.Polynomial.Splits (23s)
✔ [2461/2480] Built Mathlib.LinearAlgebra.Matrix.Basis (11s)
✔ [2462/2482] Built Mathlib.LinearAlgebra.Matrix.Transvection (12s)
✔ [2463/2482] Built Mathlib.LinearAlgebra.Matrix.Adjugate (13s)
✔ [2464/2484] Built Mathlib.RingTheory.Polynomial.ScaleRoots (7.1s)
✔ [2465/2484] Built Mathlib.Algebra.Order.Hom.TypeTags (5.0s)
✔ [2466/2484] Built Mathlib.Data.ZMod.Aut (6.1s)
✔ [2467/2492] Built Mathlib.Data.Nat.Factorization.LCM (5.5s)
✔ [2468/2494] Built Mathlib.RingTheory.Polynomial.IntegralNormalization (8.6s)
✔ [2469/2494] Built Mathlib.GroupTheory.Subgroup.Simple (3.8s)
✔ [2470/2494] Built Mathlib.RingTheory.MatrixAlgebra (28s)
✔ [2471/2495] Built Mathlib.LinearAlgebra.Matrix.NonsingularInverse (14s)
✔ [2472/2495] Built Mathlib.Data.ZMod.QuotientGroup (10s)
✔ [2473/2495] Built Mathlib.LinearAlgebra.Matrix.Nondegenerate (6.4s)
✔ [2474/2495] Built Mathlib.RingTheory.MatrixPolynomialAlgebra (7.4s)
✔ [2475/2495] Built Mathlib.Algebra.Ring.Action.ConjAct (3.9s)
✔ [2476/2502] Built Mathlib.GroupTheory.Exponent (11s)
✔ [2477/2504] Built Mathlib.Logic.Equiv.Multiset (3.8s)
✔ [2478/2505] Built Mathlib.LinearAlgebra.Matrix.Block (8.2s)
✔ [2479/2505] Built Mathlib.GroupTheory.SpecificGroups.Cyclic.Basic (8.5s)
✔ [2480/2506] Built Mathlib.Logic.Equiv.Finset (3.6s)
✔ [2481/2506] Built Mathlib.LinearAlgebra.Dimension.FreeAndStrongRankCondition (11s)
✔ [2482/2512] Built Mathlib.LinearAlgebra.Matrix.SchurComplement (17s)
✔ [2483/2512] Built Mathlib.LinearAlgebra.Matrix.InvariantBasisNumber (9.1s)
✔ [2484/2512] Built Mathlib.Logic.Encodable.Pi (2.7s)
✔ [2485/2512] Built Mathlib.LinearAlgebra.Matrix.Charpoly.Basic (13s)
✔ [2486/2513] Built Mathlib.RingTheory.Finiteness.Projective (5.4s)
✔ [2487/2513] Built Mathlib.Data.W.Basic (6.2s)
✔ [2488/2519] Built Mathlib.LinearAlgebra.FiniteDimensional.Lemmas (14s)
✔ [2489/2519] Built Mathlib.GroupTheory.SpecificGroups.Cyclic (22s)
✔ [2490/2519] Built Mathlib.Algebra.Squarefree.Basic (7.8s)
✔ [2491/2519] Built Mathlib.Data.W.Cardinal (5.0s)
✔ [2492/2519] Built Mathlib.LinearAlgebra.Matrix.Charpoly.Coeff (16s)
✔ [2493/2519] Built Mathlib.RingTheory.IntegralDomain (7.6s)
✔ [2494/2519] Built Mathlib.LinearAlgebra.SesquilinearForm.Basic (36s)
✔ [2495/2520] Built Mathlib.SetTheory.Cardinal.Subfield (5.3s)
✔ [2496/2521] Built Mathlib.RingTheory.RootsOfUnity.Basic (7.9s)
✔ [2497/2521] Built Mathlib.LinearAlgebra.Dimension.ErdosKaplansky (9.3s)
✔ [2498/2521] Built Mathlib.LinearAlgebra.Matrix.Charpoly.LinearMap (12s)
✔ [2499/2521] Built Mathlib.Data.Nat.Factorization.PrimePow (4.0s)
✔ [2500/2521] Built Mathlib.Data.PNat.Prime (3.8s)
✔ [2501/2521] Built Mathlib.FieldTheory.IntermediateField.Basic (27s)
✔ [2502/2525] Built Mathlib.FieldTheory.RatFunc.Defs (6.4s)
✔ [2503/2525] Built Mathlib.LinearAlgebra.Matrix.SpecialLinearGroup (19s)
✔ [2504/2525] Built Mathlib.Algebra.Order.Ring.IsNonarchimedean (8.8s)
✔ [2505/2525] Built Mathlib.RingTheory.IntegralClosure.Algebra.Basic (15s)
✔ [2506/2528] Built Mathlib.Data.Int.WithZero (3.7s)
✔ [2507/2529] Built Mathlib.Algebra.Ring.Action.End (4.6s)
✔ [2508/2531] Built Mathlib.LinearAlgebra.Matrix.GeneralLinearGroup.Defs (15s)
✔ [2509/2532] Built Mathlib.RingTheory.Ideal.Pointwise (9.2s)
✔ [2510/2532] Built Mathlib.RingTheory.IntegralClosure.IsIntegralClosure.Basic (20s)
✔ [2511/2534] Built Mathlib.RingTheory.Jacobson.Radical (10s)
✔ [2512/2534] Built Mathlib.RingTheory.TwoSidedIdeal.Operations (11s)
✔ [2513/2534] Built Mathlib.LinearAlgebra.Matrix.ToLinearEquiv (10s)
✔ [2514/2534] Built Mathlib.RingTheory.LocalRing.MaximalIdeal.Defs (4.7s)
✔ [2515/2534] Built Mathlib.RingTheory.Spectrum.Maximal.Defs (5.2s)
✔ [2516/2537] Built Mathlib.RingTheory.Ideal.Over (10s)
✔ [2517/2540] Built Mathlib.LinearAlgebra.Dual.Lemmas (58s)
✔ [2518/2540] Built Mathlib.RingTheory.Spectrum.Prime.Defs (4.9s)
✔ [2519/2542] Built Mathlib.RingTheory.Jacobson.Ideal (9.6s)
✔ [2520/2542] Built Mathlib.RingTheory.LocalRing.MaximalIdeal.Basic (6.6s)
✔ [2521/2545] Built Mathlib.RingTheory.Ideal.Colon (16s)
✔ [2522/2545] Built Mathlib.LinearAlgebra.GeneralLinearGroup.AlgEquiv (9.7s)
✔ [2523/2549] Built Mathlib.RingTheory.Ideal.Quotient.Nilpotent (4.8s)
✔ [2524/2549] Built Mathlib.RingTheory.IsPrimary (4.3s)
✔ [2525/2554] Built Mathlib.RingTheory.Algebraic.Integral (29s)
✔ [2526/2554] Built Mathlib.RingTheory.Ideal.IsPrimary (4.2s)
✔ [2527/2556] Built Mathlib.RingTheory.Localization.NumDen (6.5s)
✔ [2528/2556] Built Mathlib.Order.RelSeries (22s)
✔ [2529/2556] Built Mathlib.FieldTheory.Minpoly.Field (13s)
✔ [2530/2556] Built Mathlib.LinearAlgebra.Determinant (27s)
✔ [2531/2556] Built Mathlib.RingTheory.Ideal.MinimalPrime.Basic (6.3s)
✔ [2532/2556] Built Mathlib.RingTheory.Localization.Ideal (9.9s)
✔ [2533/2556] Built Mathlib.RingTheory.Ideal.Quotient.PowTransition (10s)
✔ [2534/2556] Built Mathlib.RingTheory.Norm.Defs (10s)
✔ [2535/2556] Built Mathlib.RingTheory.PowerBasis (17s)
✔ [2536/2557] Built Mathlib.Order.KrullDimension (28s)
✔ [2537/2557] Built Mathlib.RingTheory.Spectrum.Prime.Basic (12s)
✔ [2538/2557] Built Mathlib.RingTheory.Localization.Algebra (17s)
✔ [2539/2557] Built Mathlib.FieldTheory.RatFunc.Basic (69s)
✔ [2540/2557] Built Mathlib.FieldTheory.Separable (15s)
✔ [2541/2559] Built Mathlib.Data.SetLike.Fintype (3.0s)
✔ [2542/2559] Built Mathlib.RingTheory.KrullDimension.Basic (5.3s)
✔ [2543/2560] Built Mathlib.RingTheory.AdicCompletion.Basic (42s)
✔ [2544/2560] Built Mathlib.Order.Filter.Subsingleton (5.5s)
✔ [2545/2560] Built Mathlib.RingTheory.Localization.AtPrime.Basic (49s)
✔ [2546/2560] Built Mathlib.RingTheory.Artinian.Defs (3.6s)
✔ [2547/2562] Built Mathlib.Order.Filter.EventuallyConst (4.5s)
✔ [2548/2562] Built Mathlib.RingTheory.Localization.Integral (18s)
✔ [2549/2562] Built Mathlib.Order.Atoms.Finite (3.6s)
✔ [2550/2562] Built Mathlib.RingTheory.Localization.LocalizationLocalization (8.6s)
✔ [2551/2571] Built Mathlib.Order.CompactlyGenerated.Intervals (5.8s)
✔ [2552/2572] Built Mathlib.Control.Bifunctor (2.6s)
✔ [2553/2572] Built Mathlib.RingTheory.AdjoinRoot (48s)
✔ [2554/2572] Built Mathlib.RingTheory.Spectrum.Maximal.Basic (5.4s)
✔ [2555/2572] Built Mathlib.Logic.Equiv.Functor (5.5s)
✔ [2556/2572] Built Mathlib.RingTheory.Ideal.GoingUp (14s)
✔ [2557/2572] Built Mathlib.RingTheory.IntegralClosure.IntegrallyClosed (13s)
✔ [2558/2578] Built Mathlib.RingTheory.LocalRing.RingHom.Basic (5.9s)
✔ [2559/2578] Built Mathlib.FieldTheory.KummerPolynomial (6.1s)
✔ [2560/2579] Built Mathlib.RingTheory.Polynomial.RationalRoot (4.9s)
✔ [2561/2582] Built Mathlib.Algebra.GroupWithZero.Submonoid.Instances (4.7s)
✔ [2562/2582] Built Mathlib.Algebra.Order.GroupWithZero.WithZero (4.7s)
✔ [2563/2582] Built Mathlib.RingTheory.DedekindDomain.Basic (4.7s)
✔ [2564/2582] Built Mathlib.Order.JordanHolder (11s)
✔ [2565/2586] Built Mathlib.RingTheory.Bezout (4.6s)
✔ [2566/2588] Built Mathlib.FieldTheory.Perfect (9.0s)
✔ [2567/2588] Built Mathlib.Algebra.GroupWithZero.Range (9.0s)
✔ [2568/2588] Built Mathlib.GroupTheory.PGroup (6.7s)
✔ [2569/2588] Built Mathlib.Algebra.Order.GroupWithZero.Range (6.2s)
✔ [2570/2590] Built Mathlib.RingTheory.Coprime.Ideal (7.4s)
✔ [2571/2591] Built Mathlib.RingTheory.SimpleModule.Basic (20s)
✔ [2572/2591] Built Mathlib.FieldTheory.Finite.Basic (17s)
✔ [2573/2591] Built Mathlib.GroupTheory.Torsion (8.7s)
✔ [2574/2593] Built Mathlib.RingTheory.Jacobson.Semiprimary (5.8s)
✔ [2575/2593] Built Mathlib.GroupTheory.Sylow (14s)
✔ [2576/2593] Built Mathlib.RingTheory.Finiteness.Nakayama (6.4s)
✔ [2577/2593] Built Mathlib.NumberTheory.LegendreSymbol.QuadraticChar.Basic (8.2s)
✔ [2578/2595] Built Mathlib.Algebra.Polynomial.Module.AEval (21s)
✔ [2579/2597] Built Mathlib.RingTheory.ReesAlgebra (6.3s)
✔ [2580/2597] Built Mathlib.Algebra.Module.ZMod (6.7s)
✔ [2581/2597] Built Mathlib.RingTheory.Artinian.Module (15s)
✔ [2582/2597] Built Mathlib.NumberTheory.LegendreSymbol.Basic (7.7s)
✔ [2583/2597] Built Mathlib.RingTheory.LocalRing.ResidueField.Defs (5.5s)
✔ [2584/2597] Built Mathlib.RingTheory.Valuation.Basic (39s)
✔ [2585/2599] Built Mathlib.RingTheory.Nakayama (10s)
✔ [2586/2599] Built Mathlib.RingTheory.FiniteLength (5.1s)
✔ [2587/2599] Built Mathlib.Algebra.Polynomial.Module.Basic (17s)
✔ [2588/2599] Built Mathlib.RingTheory.LocalRing.ResidueField.Basic (10s)
✔ [2589/2599] Built Mathlib.RingTheory.Valuation.PrimeMultiplicity (4.6s)
✔ [2590/2599] Built Mathlib.RingTheory.Jacobson.Polynomial (5.3s)
✔ [2591/2600] Built Mathlib.RingTheory.Valuation.Integers (16s)
✔ [2592/2601] Built Mathlib.RingTheory.Length (8.9s)
✔ [2593/2601] Built Mathlib.Algebra.Module.Torsion.Basic (30s)
✔ [2594/2602] Built Mathlib.Algebra.Order.Ring.Idempotent (5.8s)
✔ [2595/2602] Built Mathlib.RingTheory.Filtration (15s)
✔ [2596/2603] Built Mathlib.RingTheory.Valuation.ValuationRing (13s)
✔ [2597/2603] Built Mathlib.RingTheory.Ideal.MinimalPrime.Localization (6.3s)
✔ [2598/2603] Built Mathlib.RingTheory.Jacobson.Ring (20s)
✔ [2599/2607] Built Mathlib.Order.Heyting.Hom (10s)
✔ [2600/2611] Built Mathlib.RingTheory.Localization.AsSubring (8.3s)
✔ [2601/2611] Built Mathlib.RingTheory.DiscreteValuationRing.Basic (11s)
✔ [2602/2612] Built Mathlib.RingTheory.Ideal.Cotangent (27s)
✔ [2603/2615] Built Mathlib.RingTheory.SurjectiveOnStalks (14s)
✔ [2604/2616] Built Mathlib.LinearAlgebra.TensorProduct.Quotient (26s)
✔ [2605/2616] Built Mathlib.Topology.LocallyClosed (3.7s)
✔ [2606/2619] Built Mathlib.Topology.Sets.OpenCover (5.5s)
✔ [2607/2619] Built Mathlib.LinearAlgebra.TensorProduct.RightExactness (25s)
✔ [2608/2621] Built Mathlib.Topology.Spectral.Hom (4.1s)
✔ [2609/2625] Built Mathlib.Order.BooleanSubalgebra (17s)
✔ [2610/2627] Built Mathlib.Topology.LocalAtTarget (7.5s)
✔ [2611/2627] Built Mathlib.Order.Ideal (7.4s)
✔ [2612/2627] Built Mathlib.Topology.Sober (5.5s)
✔ [2613/2627] Built Mathlib.Topology.Spectral.Prespectral (5.6s)
✔ [2614/2632] Built Mathlib.Topology.Spectral.Basic (1.6s)
✔ [2615/2632] Built Mathlib.RingTheory.LocalProperties.Submodule (8.4s)
✔ [2616/2632] Built Mathlib.Topology.KrullDimension (4.2s)
✔ [2617/2632] Built Mathlib.CategoryTheory.ConcreteCategory.Forget (3.6s)
✔ [2618/2635] Built Mathlib.CategoryTheory.Endomorphism (4.1s)
✔ [2619/2635] Built Mathlib.Topology.Constructible (9.3s)
✔ [2620/2635] Built Mathlib.RingTheory.TensorProduct.Quotient (24s)
✔ [2621/2637] Built Mathlib.CategoryTheory.Category.ULift (3.6s)
✔ [2622/2637] Built Mathlib.Algebra.Category.MonCat.Basic (11s)
✔ [2623/2640] Built Mathlib.CategoryTheory.Category.Preorder (5.0s)
✔ [2624/2640] Built Mathlib.CategoryTheory.IsomorphismClasses (3.5s)
✔ [2625/2640] Built Mathlib.RingTheory.EssentialFiniteness (10s)
✔ [2626/2641] Built Mathlib.CategoryTheory.Thin (2.9s)
✔ [2627/2641] Built Mathlib.RingTheory.Localization.Submodule (5.5s)
✔ [2628/2641] Built Mathlib.Algebra.Category.Grp.Basic (15s)
✔ [2629/2645] Built Mathlib.CategoryTheory.Skeletal (7.4s)
✔ [2630/2645] Built Mathlib.CategoryTheory.Balanced (2.3s)
✔ [2631/2645] Built Mathlib.RingTheory.LocalRing.ResidueField.Ideal (15s)
✔ [2632/2649] Built Mathlib.CategoryTheory.EssentiallySmall (4.8s)
✔ [2633/2649] Built Mathlib.CategoryTheory.CommSq (6.4s)
✔ [2634/2650] Built Mathlib.CategoryTheory.Limits.Cones (40s)
✔ [2635/2650] Built Mathlib.CategoryTheory.Retract (5.6s)
✔ [2636/2650] Built Mathlib.Algebra.Category.Ring.Basic (13s)
✔ [2637/2651] Built Mathlib.CategoryTheory.LiftingProperties.Basic (4.5s)
✔ [2638/2651] Built Mathlib.Algebra.Category.Ring.Instances (4.9s)
✔ [2639/2651] Built Mathlib.CategoryTheory.LiftingProperties.Adjunction (3.5s)
✔ [2640/2651] Built Mathlib.RingTheory.Spectrum.Prime.RingHom (11s)
✔ [2641/2651] Built Mathlib.CategoryTheory.Limits.Shapes.StrongEpi (3.7s)
✔ [2642/2656] Built Mathlib.Algebra.Category.Grp.ForgetCorepresentable (4.3s)
✔ [2643/2666] Built Mathlib.CategoryTheory.PEmpty (4.1s)
✔ [2644/2676] Built Mathlib.CategoryTheory.Functor.EpiMono (6.3s)
✔ [2645/2677] Built Mathlib.RingTheory.Spectrum.Maximal.Localization (9.3s)
✔ [2646/2677] Built Mathlib.CategoryTheory.PUnit (3.4s)
✔ [2647/2681] Built Mathlib.CategoryTheory.MorphismProperty.Factorization (5.5s)
✔ [2648/2684] Built Mathlib.Algebra.Category.MonCat.ForgetCorepresentable (2.0s)
✔ [2649/2689] Built Mathlib.CategoryTheory.ConcreteCategory.ReflectsIso (3.6s)
✔ [2650/2692] Built Mathlib.CategoryTheory.Limits.IsLimit (28s)
✔ [2651/2693] Built Mathlib.CategoryTheory.Limits.Types.ColimitType (6.3s)
✔ [2652/2693] Built Mathlib.CategoryTheory.FinCategory.Basic (3.6s)
✔ [2653/2698] Built Mathlib.CategoryTheory.Functor.Currying (14s)
✔ [2654/2698] Built Mathlib.CategoryTheory.Limits.Shapes.IsTerminal (12s)
✔ [2655/2698] Built Mathlib.RingTheory.Spectrum.Prime.Topology (23s)
✔ [2656/2702] Built Mathlib.CategoryTheory.FinCategory.AsType (3.0s)
✔ [2657/2702] Built Mathlib.CategoryTheory.Limits.HasLimits (20s)
✔ [2658/2702] Built Mathlib.RingTheory.KrullDimension.Zero (5.5s)
✔ [2659/2702] Built Mathlib.CategoryTheory.ShrinkYoneda (8.5s)
✔ [2660/2702] Built Mathlib.Algebra.Ring.TransferInstance (4.3s)
✔ [2661/2702] Built Mathlib.CategoryTheory.Limits.Types.Colimits (6.7s)
✔ [2662/2702] Built Mathlib.CategoryTheory.Limits.Shapes.Terminal (9.7s)
✔ [2663/2702] Built Mathlib.CategoryTheory.Limits.Preserves.Basic (9.8s)
✔ [2664/2702] Built Mathlib.CategoryTheory.Limits.Shapes.WidePullbacks (20s)
✔ [2665/2702] Built Mathlib.Algebra.Category.Ring.Colimits (13s)
✔ [2666/2702] Built Mathlib.RingTheory.DiscreteValuationRing.TFAE (9.8s)
✔ [2667/2702] Built Mathlib.CategoryTheory.Comma.StructuredArrow.Basic (41s)
✔ [2668/2702] Built Mathlib.Algebra.Ring.Shrink (2.4s)
✔ [2669/2702] Built Mathlib.CategoryTheory.Limits.Shapes.ZeroObjects (4.5s)
✔ [2670/2702] Built Mathlib.CategoryTheory.Limits.Types.Limits (5.5s)
✔ [2671/2702] Built Mathlib.CategoryTheory.Limits.Preserves.Shapes.Terminal (3.7s)
✔ [2672/2706] Built Mathlib.CategoryTheory.Limits.Shapes.Products (34s)
✔ [2673/2707] Built Mathlib.CategoryTheory.Limits.Preserves.Limits (4.4s)
✔ [2674/2710] Built Mathlib.CategoryTheory.Limits.Creates (10s)
✔ [2675/2710] Built Mathlib.CategoryTheory.Limits.Types.Yoneda (9.0s)
✔ [2676/2712] Built Mathlib.CategoryTheory.Limits.Preserves.Ulift (3.0s)
✔ [2677/2713] Built Mathlib.CategoryTheory.Category.Cat.AsSmall (3.6s)
✔ [2678/2713] Built Mathlib.CategoryTheory.Limits.FunctorCategory.Basic (18s)
✔ [2679/2718] Built Mathlib.CategoryTheory.IsConnected (5.3s)
✔ [2680/2722] Built Mathlib.Algebra.Category.MonCat.Limits (11s)
✔ [2681/2722] Built Mathlib.CategoryTheory.Limits.Yoneda (4.6s)
✔ [2682/2726] Built Mathlib.CategoryTheory.HomCongr (3.2s)
✔ [2683/2727] Built Mathlib.CategoryTheory.Functor.TwoSquare (6.4s)
✔ [2684/2728] Built Mathlib.CategoryTheory.Elements (13s)
✔ [2685/2738] Built Mathlib.CategoryTheory.EffectiveEpi.Basic (5.4s)
✔ [2686/2739] Built Mathlib.CategoryTheory.Monad.Basic (13s)
✔ [2687/2739] Built Mathlib.CategoryTheory.Adjunction.Mates (16s)
✔ [2688/2742] Built Mathlib.CategoryTheory.MorphismProperty.Composition (6.1s)
✔ [2689/2748] Built Mathlib.CategoryTheory.Monad.Algebra (11s)
✔ [2690/2748] Built Mathlib.RingTheory.ChainOfDivisors (8.5s)
✔ [2691/2748] Built Mathlib.Algebra.Ring.Subsemiring.Pointwise (7.1s)
✔ [2692/2750] Built Mathlib.RingTheory.Valuation.ExtendToLocalization (3.7s)
✔ [2693/2751] Built Mathlib.CategoryTheory.Comma.Over.Basic (59s)
✔ [2694/2751] Built Mathlib.Algebra.Ring.Subring.Pointwise (6.8s)
✔ [2695/2751] Built Mathlib.Algebra.Algebra.TransferInstance (3.5s)
✔ [2696/2751] Built Mathlib.Algebra.Field.TransferInstance (3.0s)
✔ [2697/2751] Built Mathlib.RingTheory.FractionalIdeal.Basic (17s)
✔ [2698/2751] Built Mathlib.Algebra.Algebra.Subalgebra.Pointwise (6.6s)
✔ [2699/2751] Built Mathlib.CategoryTheory.Grothendieck (20s)
✔ [2700/2755] Built Mathlib.CategoryTheory.Limits.Shapes.Grothendieck (11s)
✔ [2701/2755] Built Mathlib.RingTheory.Valuation.ValuativeRel.Basic (30s)
✔ [2702/2758] Built Mathlib.CategoryTheory.Limits.Shapes.BinaryProducts (33s)
✔ [2703/2759] Built Mathlib.Topology.Algebra.UniformFilterBasis (4.4s)
✔ [2704/2759] Built Mathlib.CategoryTheory.Monad.Products (8.4s)
✔ [2705/2759] Built Mathlib.RingTheory.FractionalIdeal.Operations (27s)
✔ [2706/2759] Built Mathlib.CategoryTheory.Limits.Types.Products (7.4s)
✔ [2707/2759] Built Mathlib.Topology.Algebra.OpenSubgroup (13s)
✔ [2708/2759] Built Mathlib.Algebra.Ring.Action.Field (1.6s)
✔ [2709/2759] Built Mathlib.CategoryTheory.Limits.Shapes.StrictInitial (4.5s)
✔ [2710/2760] Built Mathlib.CategoryTheory.Limits.Shapes.Pullback.Cospan (8.9s)
✔ [2711/2760] Built Mathlib.Topology.Algebra.WithZeroTopology (5.8s)
✔ [2712/2764] Built Mathlib.Topology.Algebra.Nonarchimedean.Basic (5.8s)
✔ [2713/2764] Built Mathlib.RingTheory.FractionalIdeal.Inverse (8.3s)
✔ [2714/2764] Built Mathlib.Topology.Algebra.Ring.Ideal (4.8s)
✔ [2715/2765] Built Mathlib.CategoryTheory.Limits.Shapes.Pullback.PullbackCone (9.6s)
✔ [2716/2765] Built Mathlib.Topology.Algebra.GroupCompletion (11s)
✔ [2717/2765] Built Mathlib.Topology.Algebra.Nonarchimedean.Bases (7.9s)
✔ [2718/2765] Built Mathlib.Algebra.CharZero.AddMonoidHom (4.8s)
✔ [2719/2765] Built Mathlib.RingTheory.Valuation.ValuationSubring (28s)
✔ [2720/2769] Built Mathlib.Topology.Algebra.UniformRing (7.8s)
✔ [2721/2770] Built Mathlib.CategoryTheory.Limits.Shapes.Pullback.HasPullback (15s)
✔ [2722/2770] Built Mathlib.RingTheory.DedekindDomain.Ideal.Basic (20s)
✔ [2723/2770] Built Mathlib.LinearAlgebra.BilinearForm.Basic (5.6s)
✔ [2724/2770] Built Mathlib.Topology.Algebra.UniformField (6.9s)
✔ [2725/2770] Built Mathlib.CategoryTheory.Limits.Shapes.Pullback.Iso (4.5s)
✔ [2726/2770] Built Mathlib.CategoryTheory.Limits.Shapes.Pullback.Pasting (16s)
✔ [2727/2770] Built Mathlib.Topology.Algebra.Valued.ValuationTopology (21s)
✔ [2728/2770] Built Mathlib.CategoryTheory.Limits.Shapes.Equalizers (19s)
✔ [2729/2770] Built Mathlib.LinearAlgebra.FreeModule.PID (20s)
✔ [2730/2770] Built Mathlib.CategoryTheory.Limits.Shapes.Pullback.Mono (8.6s)
✔ [2731/2771] Built Mathlib.LinearAlgebra.BilinearForm.Hom (13s)
✔ [2732/2771] Built Mathlib.CategoryTheory.Comma.Over.Pullback (16s)
✔ [2733/2771] Built Mathlib.CategoryTheory.Limits.Shapes.FiniteLimits (3.8s)
✔ [2734/2771] Built Mathlib.CategoryTheory.Limits.Shapes.Pullback.Assoc (17s)
✔ [2735/2771] Built Mathlib.CategoryTheory.Limits.Connected (5.2s)
✔ [2736/2772] Built Mathlib.CategoryTheory.Limits.Shapes.Images (14s)
✔ [2737/2772] Built Mathlib.Algebra.Polynomial.GroupRingAction (7.0s)
✔ [2738/2774] Built Mathlib.LinearAlgebra.BilinearForm.Properties (19s)
✔ [2739/2774] Built Mathlib.RingTheory.DedekindDomain.Ideal.Lemmas (59s)
✔ [2740/2774] Built Mathlib.CategoryTheory.Limits.Opposites (13s)
✔ [2741/2774] Built Mathlib.Topology.Algebra.Valued.ValuedField (52s)
✔ [2742/2774] Built Mathlib.CategoryTheory.Filtered.Basic (12s)
✔ [2743/2774] Built Mathlib.CategoryTheory.Limits.Shapes.ZeroMorphisms (12s)
✔ [2744/2774] Built Mathlib.CategoryTheory.Limits.Types.Images (2.8s)
✔ [2745/2774] Built Mathlib.Algebra.Ring.Action.Invariant (2.7s)
✔ [2746/2774] Built Mathlib.FieldTheory.Normal.Defs (10s)
✔ [2747/2774] Built Mathlib.LinearAlgebra.BilinearForm.DualLattice (11s)
✔ [2748/2774] Built Mathlib.CategoryTheory.Limits.Shapes.Opposites.Pullbacks (11s)
✔ [2749/2774] Built Mathlib.CategoryTheory.Filtered.Connected (3.3s)
✔ [2750/2774] Built Mathlib.CategoryTheory.Limits.Preserves.Shapes.Zero (5.7s)
✔ [2751/2774] Built Mathlib.CategoryTheory.Limits.Types.Filtered (9.2s)
✔ [2752/2774] Built Mathlib.CategoryTheory.Limits.Final (24s)
✔ [2753/2775] Built Mathlib.CategoryTheory.Limits.Preserves.Shapes.Pullbacks (10s)
✔ [2754/2776] Built Mathlib.CategoryTheory.Limits.Shapes.Opposites.Equalizers (13s)
✔ [2755/2776] Built Mathlib.FieldTheory.Fixed (20s)
✔ [2756/2776] Built Mathlib.CategoryTheory.Limits.Shapes.Pullback.IsPullback.Defs (7.0s)
✔ [2757/2776] Built Mathlib.CategoryTheory.Limits.ConcreteCategory.Basic (4.4s)
✔ [2758/2776] Built Mathlib.CategoryTheory.Limits.Constructions.BinaryProducts (5.5s)
✔ [2759/2776] Built Mathlib.Algebra.Algebra.Subalgebra.Directed (5.3s)
✔ [2760/2777] Built Mathlib.Algebra.Algebra.Subalgebra.IsSimpleOrder (4.9s)
✔ [2761/2781] Built Mathlib.CategoryTheory.Limits.Shapes.Pullback.IsPullback.Basic (9.2s)
✔ [2762/2783] Built Mathlib.CategoryTheory.Limits.Shapes.RegularMono (11s)
✔ [2763/2783] Built Mathlib.FieldTheory.Tower (3.7s)
✔ [2764/2783] Built Mathlib.RingTheory.Adjoin.Singleton (5.9s)
✔ [2765/2785] Built Mathlib.CategoryTheory.Limits.Shapes.Kernels (26s)
✔ [2766/2788] Built Mathlib.CategoryTheory.Limits.Shapes.KernelPair (5.3s)
✔ [2767/2788] Built Mathlib.Algebra.Group.Pointwise.Set.Card (8.1s)
✔ [2768/2789] Built Mathlib.RingTheory.Adjoin.Field (10s)
✔ [2769/2790] Built Mathlib.FieldTheory.IntermediateField.Algebraic (18s)
✔ [2770/2790] Built Mathlib.FieldTheory.IntermediateField.Adjoin.Defs (34s)
✔ [2771/2790] Built Mathlib.CategoryTheory.Preadditive.Basic (11s)
✔ [2772/2790] Built Mathlib.RingTheory.TensorProduct.Finite (11s)
✔ [2773/2794] Built Mathlib.RingTheory.Adjoin.Dimension (5.7s)
✔ [2774/2794] Built Mathlib.FieldTheory.Minpoly.Finite (4.7s)
✔ [2775/2796] Built Mathlib.Algebra.Category.Grp.Preadditive (4.1s)
✔ [2776/2796] Built Mathlib.GroupTheory.Perm.ViaEmbedding (3.4s)
✔ [2777/2799] Built Mathlib.GroupTheory.Solvable (6.3s)
✔ [2778/2799] Built Mathlib.CategoryTheory.Limits.Shapes.Diagonal (21s)
✔ [2779/2802] Built Mathlib.FieldTheory.IntermediateField.Adjoin.Algebra (18s)
✔ [2780/2802] Built Mathlib.GroupTheory.GroupAction.FixedPoints (6.3s)
✔ [2781/2802] Built Mathlib.GroupTheory.GroupAction.FixingSubgroup (5.7s)
✔ [2782/2805] Built Mathlib.FieldTheory.SplittingField.IsSplittingField (8.7s)
✔ [2783/2805] Built Mathlib.Algebra.Category.Grp.Limits (20s)
✔ [2784/2805] Built Mathlib.CategoryTheory.MorphismProperty.Limits (14s)
✔ [2785/2805] Built Mathlib.Data.Multiset.Fintype (7.2s)
✔ [2786/2807] Built Mathlib.Algebra.CharP.IntermediateField (5.7s)
✔ [2787/2807] Built Mathlib.RingTheory.AlgebraicIndependent.Defs (6.2s)
✔ [2788/2807] Built Mathlib.FieldTheory.SplittingField.Construction (17s)
✔ [2789/2810] Built Mathlib.RingTheory.Polynomial.GaussLemma (8.6s)
✔ [2790/2810] Built Mathlib.Combinatorics.Matroid.Init (1.7s)
✔ [2791/2810] Built Mathlib.RingTheory.AlgebraicIndependent.Adjoin (13s)
✔ [2792/2810] Built Mathlib.FieldTheory.IntermediateField.Adjoin.Basic (35s)
✔ [2793/2810] Built Mathlib.Combinatorics.Matroid.Basic (12s)
✔ [2794/2822] Built Mathlib.FieldTheory.Minpoly.IsIntegrallyClosed (15s)
✔ [2795/2823] Built Mathlib.Algebra.MvPolynomial.Supported (3.5s)
✔ [2796/2823] Built Mathlib.Algebra.Category.Ring.Limits (47s)
✔ [2797/2823] Built Mathlib.RingTheory.Algebraic.MvPolynomial (10s)
✔ [2798/2828] Built Mathlib.FieldTheory.Extension (26s)
✔ [2799/2830] Built Mathlib.Combinatorics.Matroid.IndepAxioms (19s)
✔ [2800/2830] Built Mathlib.Algebra.MvPolynomial.Monad (9.7s)
✔ [2801/2831] Built Mathlib.Data.DFinsupp.Small (4.7s)
✔ [2802/2831] Built Mathlib.RingTheory.Polynomial.SeparableDegree (4.2s)
✔ [2803/2831] Built Mathlib.FieldTheory.Normal.Basic (14s)
✔ [2804/2835] Built Mathlib.Combinatorics.Matroid.Dual (7.7s)
✔ [2805/2836] Built Mathlib.Algebra.Category.Ring.Constructions (23s)
✔ [2806/2836] Built Mathlib.FieldTheory.IsAlgClosed.Basic (20s)
✔ [2807/2836] Built Mathlib.RingTheory.MvPolynomial.Basic (8.9s)
✔ [2808/2838] Built Mathlib.RingTheory.RingHomProperties (9.3s)
✔ [2809/2838] Built Mathlib.LinearAlgebra.Matrix.Charpoly.Minpoly (6.3s)
✔ [2810/2838] Built Mathlib.Combinatorics.Matroid.Minor.Restrict (11s)
✔ [2811/2838] Built Mathlib.FieldTheory.Normal.Closure (14s)
✔ [2812/2838] Built Mathlib.Data.Nat.Factorial.SuperFactorial (5.3s)
✔ [2813/2838] Built Mathlib.RingTheory.AlgebraicIndependent.Basic (11s)
✔ [2814/2838] Built Mathlib.FieldTheory.IsAlgClosed.AlgebraicClosure (12s)
✔ [2815/2841] Built Mathlib.FieldTheory.PrimitiveElement (16s)
✔ [2816/2841] Built Mathlib.Combinatorics.Matroid.Constructions (6.0s)
✔ [2817/2841] Built Mathlib.RingTheory.LocalProperties.Basic (13s)
✔ [2818/2841] Built Mathlib.LinearAlgebra.Basis.Bilinear (6.8s)
✔ [2819/2842] Built Mathlib.FieldTheory.AlgebraicClosure (14s)
✔ [2820/2842] Built Mathlib.LinearAlgebra.Vandermonde (13s)
✔ [2821/2842] Built Mathlib.RingTheory.AlgebraicIndependent.Transcendental (12s)
✔ [2822/2843] Built Mathlib.FieldTheory.Minpoly.MinpolyDiv (8.2s)
✔ [2823/2843] Built Mathlib.Combinatorics.Matroid.Map (8.6s)
✔ [2824/2843] Built Mathlib.RingTheory.LocalProperties.IntegrallyClosed (10s)
✔ [2825/2851] Built Mathlib.RingTheory.AlgebraicIndependent.AlgebraicClosure (16s)
✔ [2826/2851] Built Mathlib.LinearAlgebra.Contraction (19s)
✔ [2827/2853] Built Mathlib.FieldTheory.Galois.Basic (35s)
✔ [2828/2853] Built Mathlib.RingTheory.Finiteness.Prod (5.2s)
✔ [2829/2853] Built Mathlib.RingTheory.TensorProduct.Free (7.0s)
✔ [2830/2853] Built Mathlib.RingTheory.DedekindDomain.Dvr (10s)
✔ [2831/2853] Built Mathlib.RingTheory.Valuation.IsTrivialOn (4.6s)
✔ [2832/2859] Built Mathlib.FieldTheory.IsSepClosed (8.0s)
✔ [2833/2860] Built Mathlib.LinearAlgebra.Matrix.SesquilinearForm (45s)
✔ [2834/2863] Built Mathlib.Combinatorics.Matroid.Closure (22s)
✔ [2835/2863] Built Mathlib.RingTheory.UniqueFactorizationDomain.Nat (3.2s)
✔ [2836/2863] Built Mathlib.RingTheory.Int.Basic (5.8s)
✔ [2837/2863] Built Mathlib.Combinatorics.Matroid.Rank.Finite (8.1s)
✔ [2838/2863] Built Mathlib.Combinatorics.Matroid.Circuit (14s)
✔ [2839/2863] Built Mathlib.LinearAlgebra.Trace (22s)
✔ [2840/2868] Built Mathlib.Data.Nat.Squarefree (9.2s)
✔ [2841/2868] Built Mathlib.LinearAlgebra.Matrix.BilinearForm (27s)
✔ [2842/2869] Built Mathlib.Combinatorics.Matroid.Loop (11s)
✔ [2843/2869] Built Mathlib.RingTheory.RootsOfUnity.PrimitiveRoots (17s)
✔ [2844/2870] Built Mathlib.RingTheory.Polynomial.Eisenstein.Criterion (7.2s)
✔ [2845/2870] Built Mathlib.NumberTheory.ArithmeticFunction.Defs (15s)
✔ [2846/2874] Built Mathlib.Combinatorics.Matroid.Rank.ENat (9.4s)
✔ [2847/2875] Built Mathlib.RingTheory.Trace.Defs (10s)
✔ [2848/2875] Built Mathlib.RingTheory.Polynomial.Eisenstein.Basic (6.6s)
✔ [2849/2875] Built Mathlib.FieldTheory.KrullTopology (14s)
✔ [2850/2875] Built Mathlib.RingTheory.RootsOfUnity.Complex (8.0s)
✔ [2851/2875] Built Mathlib.NumberTheory.ArithmeticFunction.Zeta (7.5s)
✔ [2852/2877] Built Mathlib.Combinatorics.Matroid.Rank.Cardinal (5.6s)
✔ [2853/2877] Built Mathlib.Algebra.GCDMonoid.IntegrallyClosed (3.8s)
✔ [2854/2877] Built Mathlib.Topology.Algebra.Group.ClosedSubgroup (5.3s)
✔ [2855/2877] Built Mathlib.RingTheory.Adjoin.PowerBasis (11s)
✔ [2856/2879] Built Mathlib.NumberTheory.ArithmeticFunction.Misc (11s)
✔ [2857/2881] Built Mathlib.RingTheory.Norm.Basic (13s)
✔ [2858/2881] Built Mathlib.RingTheory.RootsOfUnity.Minpoly (10s)
✔ [2859/2882] Built Mathlib.NumberTheory.ArithmeticFunction.Moebius (9.3s)
✔ [2860/2882] Built Mathlib.RingTheory.MvPolynomial.Symmetric.Defs (10s)
✔ [2861/2882] Built Mathlib.Topology.Maps.Proper.CompactlyGenerated (5.0s)
✔ [2862/2885] Built Mathlib.RingTheory.AlgebraicIndependent.TranscendenceBasis (32s)
✔ [2863/2886] Built Mathlib.RingTheory.Polynomial.Vieta (6.2s)
✔ [2864/2886] Built Mathlib.NumberTheory.Padics.PadicVal.Basic (11s)
✔ [2865/2891] Built Mathlib.RingTheory.Norm.Transitivity (15s)
✔ [2866/2891] Built Mathlib.Analysis.Normed.Module.Ray (5.0s)
✔ [2867/2894] Built Mathlib.Algebra.BigOperators.Field (4.7s)
✔ [2868/2894] Built Mathlib.Topology.Algebra.Polynomial (6.7s)
✔ [2869/2897] Built Mathlib.Analysis.Convex.StrictConvexSpace (7.0s)
✔ [2870/2897] Built Mathlib.Algebra.Algebra.ZMod (5.1s)
✔ [2871/2897] Built Mathlib.Data.ZMod.Units (5.3s)
✔ [2872/2898] Built Mathlib.Analysis.Convex.Uniform (6.8s)
✔ [2873/2901] Built Mathlib.Analysis.InnerProductSpace.Defs (19s)
✔ [2874/2902] Built Mathlib.FieldTheory.Finite.GaloisField (10s)
✔ [2875/2902] Built Mathlib.Analysis.Asymptotics.AsymptoticEquivalent (11s)
✔ [2876/2908] Built Mathlib.FieldTheory.SeparableDegree (39s)
✔ [2877/2908] Built Mathlib.Analysis.Convex.EGauge (10s)
✔ [2878/2909] Built Mathlib.Analysis.Normed.Operator.Asymptotics (9.0s)
✔ [2879/2912] Built Mathlib.Analysis.Calculus.TangentCone.Defs (4.1s)
✔ [2880/2912] Built Mathlib.Analysis.Calculus.TangentCone.Basic (10s)
✔ [2881/2912] Built Mathlib.Analysis.InnerProductSpace.Basic (33s)
✔ [2882/2912] Built Mathlib.Analysis.Calculus.TangentCone.DimOne (5.5s)
✔ [2883/2912] Built Mathlib.Analysis.Calculus.TangentCone.Real (7.2s)
✔ [2884/2912] Built Mathlib.Analysis.InnerProductSpace.Convex (7.0s)
✔ [2885/2914] Built Mathlib.Analysis.Complex.Arg (7.4s)
✔ [2886/2914] Built Mathlib.Analysis.Asymptotics.TVS (44s)
✔ [2887/2918] Built Mathlib.FieldTheory.SeparableClosure (46s)
✔ [2888/2918] Built Mathlib.Logic.Equiv.Embedding (3.9s)
✔ [2889/2918] Built Mathlib.Analysis.Calculus.FDeriv.Defs (11s)
✔ [2890/2920] Built Mathlib.FieldTheory.Galois.GaloisClosure (15s)
✔ [2891/2920] Built Mathlib.Analysis.Normed.Operator.Bilinear (49s)
✔ [2892/2920] Built Mathlib.Data.Fintype.CardEmbedding (5.6s)
✔ [2893/2920] Built Mathlib.Topology.Algebra.Module.Multilinear.Basic (21s)
✔ [2894/2921] Built Mathlib.FieldTheory.PurelyInseparable.Basic (28s)
✔ [2895/2927] Built Mathlib.Data.Fintype.Sort (2.9s)
✔ [2896/2927] Built Mathlib.FieldTheory.Galois.Infinite (15s)
✔ [2897/2927] Built Mathlib.Topology.Algebra.Module.Multilinear.Bounded (7.7s)
✔ [2898/2927] Built Mathlib.Analysis.Normed.Module.Span (8.0s)
✔ [2899/2930] Built Mathlib.LinearAlgebra.Multilinear.Curry (13s)
✔ [2900/2930] Built Mathlib.RingTheory.Trace.Basic (24s)
✔ [2901/2931] Built Mathlib.FieldTheory.Galois.Abelian (6.7s)
✔ [2902/2932] Built Mathlib.Analysis.Normed.Operator.NNNorm (13s)
✔ [2903/2933] Built Mathlib.Analysis.Calculus.FDeriv.Basic (42s)
✔ [2904/2933] Built Mathlib.FieldTheory.Finite.Trace (3.4s)
✔ [2905/2935] Built Mathlib.RingTheory.DedekindDomain.IntegralClosure (11s)
✔ [2906/2935] Built Mathlib.Analysis.Calculus.FDeriv.Congr (13s)
✔ [2907/2935] Built Mathlib.Analysis.Normed.Operator.NormedSpace (17s)
✔ [2908/2936] Built Mathlib.Analysis.Normed.Ring.Units (9.1s)
✔ [2909/2937] Built Mathlib.Topology.Algebra.Module.Multilinear.Topology (32s)
✔ [2910/2938] Built Mathlib.Analysis.Calculus.FDeriv.Const (14s)
✔ [2911/2938] Built Mathlib.NumberTheory.NumberField.Basic (18s)
✔ [2912/2944] Built Mathlib.Analysis.Normed.Operator.Mul (26s)
✔ [2913/2945] Built Mathlib.Analysis.Calculus.Deriv.Basic (36s)
✔ [2914/2951] Built Mathlib.Analysis.Calculus.FDeriv.Comp (25s)
✔ [2915/2951] Built Mathlib.Analysis.Calculus.Deriv.Support (5.2s)
✔ [2916/2958] Built Mathlib.Topology.Algebra.Valued.WithVal (42s)
✔ [2917/2960] Built Mathlib.Topology.MetricSpace.Completion (6.5s)
✔ [2918/2960] Built Mathlib.Analysis.Normed.Group.Completion (6.8s)
✔ [2919/2963] Built Mathlib.Analysis.Normed.Module.Completion (10s)
✔ [2920/2966] Built Mathlib.Topology.Algebra.Module.Alternating.Basic (27s)
✔ [2921/2966] Built Mathlib.LinearAlgebra.AffineSpace.Slope (8.0s)
✔ [2922/2969] Built Mathlib.Topology.Perfect (5.0s)
✔ [2923/2969] Built Mathlib.Topology.Algebra.Module.PerfectSpace (4.6s)
✔ [2924/2971] Built Mathlib.Analysis.Normed.Module.Multilinear.Basic (86s)
✔ [2925/2971] Built Mathlib.Analysis.Calculus.FDeriv.RestrictScalars (12s)
✔ [2926/2971] Built Mathlib.Topology.Algebra.Module.Alternating.Topology (29s)
✔ [2927/2971] Built Mathlib.Topology.FiberBundle.IsHomeomorphicTrivialBundle (3.6s)
✔ [2928/2971] Built Mathlib.RingTheory.DedekindDomain.AdicValuation (61s)
✔ [2929/2973] Built Mathlib.Analysis.Normed.Operator.BoundedLinearMaps (27s)
✔ [2930/2973] Built Mathlib.Analysis.Complex.ReImTopology (8.3s)
✔ [2931/2975] Built Mathlib.Analysis.Calculus.Deriv.Comp (25s)
✔ [2932/2975] Built Mathlib.FieldTheory.RatFunc.AsPolynomial (17s)
✔ [2933/2975] Built Mathlib.Analysis.Calculus.FDeriv.Linear (9.7s)
✔ [2934/2975] Built Mathlib.Algebra.CharZero.Infinite (3.4s)
✔ [2935/2975] Built Mathlib.SetTheory.Cardinal.Continuum (4.5s)
✔ [2936/2975] Built Mathlib.Analysis.Normed.Module.Alternating.Basic (41s)
✔ [2937/2976] Built Mathlib.RingTheory.Polynomial.Cyclotomic.Basic (12s)
✔ [2938/2977] Built Mathlib.Analysis.Normed.Module.Multilinear.Curry (60s)
✔ [2939/2977] Built Mathlib.Data.Rat.Cardinal (3.2s)
✔ [2940/2977] Built Mathlib.RingTheory.Polynomial.Cyclotomic.Roots (11s)
✔ [2941/2977] Built Mathlib.Analysis.SpecialFunctions.Complex.CircleMap (8.3s)
✔ [2942/2977] Built Mathlib.Analysis.Real.Cardinality (7.8s)
✔ [2943/2977] Built Mathlib.RingTheory.Polynomial.Cyclotomic.Expand (9.6s)
✔ [2944/2977] Built Mathlib.Analysis.Calculus.FormalMultilinearSeries (36s)
✔ [2945/2977] Built Mathlib.Analysis.Calculus.FDeriv.Add (54s)
✔ [2946/2978] Built Mathlib.RingTheory.Polynomial.Cyclotomic.Eval (12s)
✔ [2947/2978] Built Mathlib.Analysis.Calculus.FDeriv.Prod (73s)
✔ [2948/2978] Built Mathlib.Analysis.Calculus.Deriv.Add (21s)
✔ [2949/2981] Built Mathlib.NumberTheory.Cyclotomic.Basic (44s)
✔ [2950/2981] Built Mathlib.Analysis.Analytic.ConvergenceRadius (38s)
✔ [2951/2981] Built Mathlib.Analysis.Calculus.FDeriv.Bilinear (18s)
✔ [2952/2981] Built Mathlib.Analysis.Calculus.Deriv.Slope (10s)
✔ [2953/2981] Built Mathlib.NumberTheory.Cyclotomic.PrimitiveRoots (20s)
✔ [2954/2984] Built Mathlib.Analysis.Analytic.OfScalars (17s)
✔ [2955/2987] Built Mathlib.Analysis.Calculus.FDeriv.Equiv (46s)
✔ [2956/2987] Built Mathlib.Analysis.Calculus.Deriv.Linear (5.0s)
✔ [2957/2987] Built Mathlib.Analysis.Normed.Group.AddTorsor (7.5s)
✔ [2958/2987] Built Mathlib.Topology.LocallyConstant.Basic (8.6s)
✔ [2959/2995] Built Mathlib.Analysis.Calculus.Deriv.AffineMap (11s)
✔ [2960/2998] Built Mathlib.Topology.Algebra.ContinuousAffineMap (36s)
✔ [2961/2998] Built Mathlib.Analysis.Calculus.FDeriv.CompCLM (65s)
✔ [2962/3000] Built Mathlib.Analysis.Analytic.Basic (79s)
✔ [2963/3000] Built Mathlib.Analysis.Calculus.FDeriv.Affine (6.1s)
✔ [2964/3005] Built Mathlib.Topology.OpenPartialHomeomorph.IsImage (5.9s)
✔ [2965/3006] Built Mathlib.Analysis.Calculus.Deriv.Inverse (8.5s)
✔ [2966/3012] Built Mathlib.Analysis.Calculus.ContDiff.FTaylorSeries (68s)
✔ [2967/3013] Built Mathlib.Topology.MetricSpace.CauSeqFilter (3.5s)
✔ [2968/3016] Built Mathlib.Topology.ExtendFrom (5.2s)
✔ [2969/3016] Built Mathlib.Analysis.Calculus.LocalExtr.Basic (8.1s)
✔ [2970/3016] Built Mathlib.Analysis.Normed.Group.Lemmas (5.1s)
✔ [2971/3018] Built Mathlib.Topology.Algebra.AffineSubspace (5.7s)
✔ [2972/3020] Built Mathlib.Topology.Order.ExtendFrom (4.7s)
✔ [2973/3020] Built Mathlib.Topology.Order.Rolle (4.0s)
✔ [2974/3021] Built Mathlib.Analysis.Normed.Module.RCLike.Basic (9.1s)
✔ [2975/3021] Built Mathlib.Analysis.Analytic.ChangeOrigin (22s)
✔ [2976/3022] Built Mathlib.Topology.Algebra.Module.Determinant (3.8s)
✔ [2977/3024] Built Mathlib.Topology.Algebra.ContinuousAffineEquiv (14s)
✔ [2978/3024] Built Mathlib.Analysis.Calculus.LocalExtr.Rolle (4.2s)
✔ [2979/3024] Built Mathlib.Topology.Algebra.Module.Simple (3.4s)
✔ [2980/3024] Built Mathlib.Analysis.Normed.Module.RieszLemma (6.4s)
✔ [2981/3025] Built Mathlib.Topology.Algebra.SeparationQuotient.FiniteDimensional (2.8s)
✔ [2982/3025] Built Mathlib.Topology.Algebra.Module.ModuleTopology (13s)
✔ [2983/3027] Built Mathlib.Topology.Maps.Strict.Basic (5.8s)
✔ [2984/3027] Built Mathlib.Analysis.Normed.Algebra.Exponential (21s)
✔ [2985/3027] Built Mathlib.Topology.Instances.Matrix (11s)
✔ [2986/3027] Built Mathlib.Analysis.Analytic.CPolynomialDef (28s)
✔ [2987/3027] Built Mathlib.LinearAlgebra.Dimension.LinearMap (7.8s)
✔ [2988/3029] Built Mathlib.Analysis.Analytic.Linear (12s)
✔ [2989/3029] Built Mathlib.Analysis.Normed.Affine.Isometry (39s)
✔ [2990/3031] Built Mathlib.Data.Prod.TProd (5.4s)
✔ [2991/3035] Built Mathlib.Data.Finset.Update (6.7s)
✔ [2992/3041] Built Mathlib.GroupTheory.GroupAction.IterateAct (2.9s)
✔ [2993/3049] Built Mathlib.MeasureTheory.MeasurableSpace.Defs (8.9s)
✔ [2994/3053] Built Mathlib.MeasureTheory.OuterMeasure.Defs (6.6s)
✔ [2995/3053] Built Mathlib.Topology.Algebra.Module.FiniteDimension (41s)
✔ [2996/3053] Built Mathlib.Data.Set.Dissipate (3.7s)
✔ [2997/3060] Built Mathlib.MeasureTheory.MeasurableSpace.EventuallyMeasurable (3.6s)
✔ [2998/3060] Built Mathlib.MeasureTheory.MeasurableSpace.Instances (3.1s)
✔ [2999/3060] Built Mathlib.MeasureTheory.MeasurableSpace.Basic (4.3s)
✔ [3000/3060] Built Mathlib.Analysis.Analytic.Composition (40s)
✔ [3001/3060] Built Mathlib.Order.Interval.Set.Monotone (4.7s)
✔ [3002/3060] Built Mathlib.MeasureTheory.OuterMeasure.Basic (4.9s)
✔ [3003/3060] Built Mathlib.MeasureTheory.PiSystem (7.4s)
✔ [3004/3061] Built Mathlib.MeasureTheory.MeasurableSpace.Constructions (10s)
✔ [3005/3061] Built Mathlib.MeasureTheory.OuterMeasure.AE (13s)
✔ [3006/3061] Built Mathlib.MeasureTheory.OuterMeasure.Operations (7.9s)
✔ [3007/3061] Built Mathlib.Analysis.Normed.Module.FiniteDimension (34s)
✔ [3008/3065] Built Mathlib.Analysis.Analytic.Inverse (37s)
✔ [3009/3065] Built Mathlib.MeasureTheory.MeasurableSpace.MeasurablyGenerated (6.7s)
✔ [3010/3065] Built Mathlib.Data.Set.MemPartition (4.5s)
✔ [3011/3065] Built Mathlib.MeasureTheory.OuterMeasure.BorelCantelli (6.2s)
✔ [3012/3069] Built Mathlib.MeasureTheory.MeasurableSpace.Embedding (17s)
✔ [3013/3069] Built Mathlib.Order.Filter.CountableSeparatingOn (6.0s)
✔ [3014/3069] Built Mathlib.MeasureTheory.OuterMeasure.OfFunction (11s)
✔ [3015/3069] Built Mathlib.Topology.Separation.GDelta (5.3s)
✔ [3016/3076] Built Mathlib.MeasureTheory.MeasurableSpace.CountablyGenerated (9.0s)
✔ [3017/3080] Built Mathlib.Topology.GDelta.MetrizableSpace (4.9s)
✔ [3018/3086] Built Mathlib.MeasureTheory.OuterMeasure.Caratheodory (6.5s)
✔ [3019/3086] Built Mathlib.MeasureTheory.MeasurableSpace.Prod (4.7s)
✔ [3020/3086] Built Mathlib.Topology.Metrizable.Real (4.7s)
✔ [3021/3088] Built Mathlib.Topology.IndicatorConstPointwise (6.8s)
✔ [3022/3088] Built Mathlib.MeasureTheory.OuterMeasure.Induced (13s)
✔ [3023/3090] Built Mathlib.Algebra.Order.Monoid.Canonical.Basic (20s)
✔ [3024/3090] Built Mathlib.Topology.Algebra.Module.Spaces.WeakBilin (10s)
✔ [3025/3093] Built Mathlib.Topology.Instances.Real.Lemmas (7.1s)
✔ [3026/3093] Built Mathlib.MeasureTheory.Measure.MeasureSpaceDef (10s)
✔ [3027/3095] Built Mathlib.Analysis.LocallyConvex.Polar (14s)
✔ [3028/3095] Built Mathlib.Geometry.Convex.Cone.Basic (22s)
✔ [3029/3095] Built Mathlib.Analysis.RCLike.Extend (14s)
✔ [3030/3095] Built Mathlib.Analysis.Analytic.Constructions (98s)
✔ [3031/3097] Built Mathlib.Analysis.RCLike.Lemmas (5.7s)
✔ [3032/3097] Built Mathlib.MeasureTheory.Function.AEMeasurableSequence (5.2s)
✔ [3033/3097] Built Mathlib.MeasureTheory.Measure.AEDisjoint (5.6s)
✔ [3034/3097] Built Mathlib.Topology.Algebra.Module.Complement (8.6s)
✔ [3035/3097] Built Mathlib.Analysis.Normed.Module.RCLike.Extend (7.9s)
✔ [3036/3097] Built Mathlib.Analysis.Convex.Cone.Extension (7.3s)
✔ [3037/3097] Built Mathlib.Analysis.Analytic.Within (6.9s)
✔ [3038/3099] Built Mathlib.Analysis.Analytic.Uniqueness (11s)
✔ [3039/3099] Built Mathlib.Analysis.Convex.TotallyBounded (4.9s)
✔ [3040/3099] Built Mathlib.MeasureTheory.Measure.NullMeasurable (6.4s)
✔ [3041/3099] Built Mathlib.Analysis.LocallyConvex.AbsConvex (9.0s)
✔ [3042/3103] Built Mathlib.Analysis.Normed.Module.HahnBanach (10s)
✔ [3043/3103] Built Mathlib.Algebra.Central.Defs (5.4s)
✔ [3044/3104] Built Mathlib.Algebra.Central.Basic (5.7s)
✔ [3045/3124] Built Mathlib.Combinatorics.Enumerative.InclusionExclusion (16s)
✔ [3046/3127] Built Mathlib.Analysis.Convex.Gauge (22s)
✔ [3047/3127] Built Mathlib.MeasureTheory.Measure.MeasureSpace (24s)
✔ [3048/3128] Built Mathlib.Analysis.Analytic.CPolynomial (41s)
✔ [3049/3131] Built Mathlib.Topology.MetricSpace.CantorScheme (3.8s)
✔ [3050/3131] Built Mathlib.Topology.Separation.CountableSeparatingOn (3.5s)
✔ [3051/3131] Built Mathlib.Topology.MetricSpace.Gluing (8.6s)
✔ [3052/3131] Built Mathlib.MeasureTheory.Measure.Map (9.5s)
✔ [3053/3131] Built Mathlib.MeasureTheory.Measure.Doubling (8.2s)
✔ [3054/3131] Built Mathlib.Topology.Metrizable.CompletelyMetrizable (7.8s)
✔ [3055/3131] Built Mathlib.MeasureTheory.Group.Defs (6.1s)
✔ [3056/3132] Built Mathlib.Analysis.LocallyConvex.Separation (21s)
✔ [3057/3132] Built Mathlib.MeasureTheory.Measure.AbsolutelyContinuous (7.0s)
✔ [3058/3132] Built Mathlib.Topology.MetricSpace.Polish (9.7s)
✔ [3059/3133] Built Mathlib.MeasureTheory.Measure.QuasiMeasurePreserving (10s)
✔ [3060/3134] Built Mathlib.Analysis.LocallyConvex.SeparatingDual (21s)
✔ [3061/3134] Built Mathlib.Topology.MetricSpace.Perfect (6.6s)
✔ [3062/3136] Built Mathlib.MeasureTheory.Measure.Comap (8.9s)
✔ [3063/3137] Built Mathlib.GroupTheory.Complement (26s)
✔ [3064/3144] Built Mathlib.Dynamics.Minimal (6.6s)
✔ [3065/3146] Built Mathlib.Topology.ContinuousMap.CocompactMap (3.5s)
✔ [3066/3148] Built Mathlib.Analysis.Normed.Module.Dual (8.7s)
✔ [3067/3148] Built Mathlib.Analysis.Calculus.FDeriv.Analytic (57s)
✔ [3068/3148] Built Mathlib.MeasureTheory.Measure.Restrict (18s)
✔ [3069/3148] Built Mathlib.Analysis.SpecialFunctions.Pow.Continuity (15s)
✔ [3070/3148] Built Mathlib.Order.Filter.Germ.Basic (14s)
✔ [3071/3149] Built Mathlib.Analysis.SpecialFunctions.Exponential (21s)
✔ [3072/3149] Built Mathlib.MeasureTheory.Measure.MutuallySingular (7.1s)
✔ [3073/3149] Built Mathlib.MeasureTheory.Measure.Typeclasses.NoAtoms (5.8s)
✔ [3074/3149] Built Mathlib.MeasureTheory.Measure.Typeclasses.Finite (14s)
✔ [3075/3150] Built Mathlib.Analysis.Calculus.ContDiff.Defs (68s)
✔ [3076/3150] Built Mathlib.Order.Filter.ENNReal (8.9s)
✔ [3077/3150] Built Mathlib.MeasureTheory.Measure.Typeclasses.Probability (6.3s)
✔ [3078/3155] Built Mathlib.Analysis.Calculus.ContDiff.FaaDiBruno (66s)
✔ [3079/3155] Built Mathlib.MeasureTheory.Measure.Typeclasses.SFinite (11s)
✔ [3080/3155] Built Mathlib.MeasureTheory.MeasurableSpace.Pi (3.3s)
✔ [3081/3159] Built Mathlib.Probability.ConditionalProbability (8.6s)
✔ [3082/3159] Built Mathlib.MeasureTheory.Measure.Decomposition.Exhaustion (6.1s)
✔ [3083/3160] Built Mathlib.MeasureTheory.Measure.Dirac (8.6s)
✔ [3084/3162] Built Mathlib.MeasureTheory.Measure.Trim (5.2s)
✔ [3085/3162] Built Mathlib.Data.ENNReal.Holder (5.9s)
✔ [3086/3162] Built Mathlib.Analysis.Normed.Group.Indicator (3.4s)
✔ [3087/3168] Built Mathlib.MeasureTheory.Measure.Count (6.6s)
✔ [3088/3168] Built Mathlib.MeasureTheory.Measure.AEMeasurable (7.4s)
✔ [3089/3168] Built Mathlib.Analysis.Calculus.ContDiff.Basic (35s)
✔ [3090/3168] Built Mathlib.Analysis.Convex.Slope (14s)
✔ [3091/3168] Built Mathlib.Dynamics.Ergodic.MeasurePreserving (7.9s)
✔ [3092/3174] Built Mathlib.Data.Real.ConjExponents (9.4s)
✔ [3093/3174] Built Mathlib.MeasureTheory.Order.Lattice (5.2s)
✔ [3094/3179] Built Mathlib.Analysis.Calculus.FDeriv.Mul (113s)
✔ [3095/3179] Built Mathlib.Analysis.Convex.SpecificFunctions.Basic (9.3s)
✔ [3096/3181] Built Mathlib.Order.Monotone.Monovary (7.8s)
✔ [3097/3181] Built Mathlib.Analysis.Calculus.DSlope (6.8s)
✔ [3098/3181] Built Mathlib.Analysis.Calculus.DiffContOnCl (6.2s)
✔ [3099/3181] Built Mathlib.MeasureTheory.Group.Arithmetic (23s)
✔ [3100/3181] Built Mathlib.Analysis.Calculus.ContDiff.Comp (34s)
✔ [3101/3181] Built Mathlib.Analysis.Calculus.FDeriv.Pow (22s)
✔ [3102/3181] Built Mathlib.Analysis.MeanInequalities (27s)
✔ [3103/3181] Built Mathlib.Algebra.Order.Monovary (20s)
✔ [3104/3181] Built Mathlib.MeasureTheory.Group.Pointwise (8.1s)
✔ [3105/3186] Built Mathlib.Analysis.Analytic.IsolatedZeros (20s)
✔ [3106/3186] Built Mathlib.MeasureTheory.Group.MeasurableEquiv (12s)
✔ [3107/3186] Built Mathlib.MeasureTheory.Constructions.BorelSpace.Basic (16s)
✔ [3108/3186] Built Mathlib.Analysis.Calculus.Deriv.Mul (57s)
✔ [3109/3186] Built Mathlib.Analysis.Calculus.ContDiff.Deriv (11s)
✔ [3110/3186] Built Mathlib.Analysis.Calculus.Deriv.Pow (9.2s)
✔ [3111/3186] Built Mathlib.Order.Filter.IndicatorFunction (4.4s)
✔ [3112/3186] Built Mathlib.MeasureTheory.Measure.Real (10s)
✔ [3113/3186] Built Mathlib.MeasureTheory.Constructions.BorelSpace.Complex (5.1s)
✔ [3114/3186] Built Mathlib.Analysis.Convex.Mul (17s)
✔ [3115/3186] Built Mathlib.MeasureTheory.Measure.OpenPos (8.3s)
✔ [3116/3186] Built Mathlib.MeasureTheory.Constructions.BorelSpace.Metric (6.0s)
✔ [3117/3186] Built Mathlib.MeasureTheory.Measure.Regular (14s)
✔ [3118/3186] Built Mathlib.MeasureTheory.Constructions.BorelSpace.Order (21s)
✔ [3119/3186] Built Mathlib.MeasureTheory.Constructions.BorelSpace.ContinuousLinearMap (7.2s)
✔ [3120/3186] Built Mathlib.Analysis.Calculus.Deriv.MeanValue (12s)
✔ [3121/3186] Built Mathlib.Analysis.Calculus.Deriv.CompMul (7.3s)
✔ [3122/3186] Built Mathlib.Analysis.Calculus.Deriv.Inv (12s)
✔ [3123/3186] Built Mathlib.Analysis.Calculus.MeanValue (25s)
✔ [3124/3186] Built Mathlib.Analysis.Calculus.IteratedDeriv.Defs (17s)
✔ [3125/3186] Built Mathlib.Analysis.Calculus.Deriv.Polynomial (9.1s)
✔ [3126/3186] Built Mathlib.Analysis.MeanInequalitiesPow (8.3s)
✔ [3127/3186] Built Mathlib.Analysis.Calculus.ContDiff.Operations (88s)
✔ [3128/3186] Built Mathlib.MeasureTheory.Constructions.BorelSpace.Real (8.5s)
✔ [3129/3186] Built Mathlib.Analysis.Calculus.Deriv.Shift (5.7s)
✔ [3130/3186] Built Mathlib.MeasureTheory.Group.Action (17s)
✔ [3131/3186] Built Mathlib.Analysis.Calculus.ContDiff.RCLike (13s)
✔ [3132/3186] Built Mathlib.Analysis.Complex.RealDeriv (10s)
✔ [3133/3186] Built Mathlib.MeasureTheory.Constructions.BorelSpace.Metrizable (9.1s)
✔ [3134/3189] Built Mathlib.MeasureTheory.Function.SimpleFunc (27s)
✔ [3135/3194] Built Mathlib.MeasureTheory.Function.SpecialFunctions.Basic (7.3s)
✔ [3136/3197] Built Mathlib.Analysis.Calculus.Deriv.ZPow (8.1s)
✔ [3137/3197] Built Mathlib.MeasureTheory.Function.SimpleFuncDense (10s)
✔ [3138/3198] Built Mathlib.MeasureTheory.Integral.Lebesgue.Basic (13s)
✔ [3139/3198] Built Mathlib.MeasureTheory.Constructions.Polish.Basic (18s)
✔ [3140/3198] Built Mathlib.Topology.MetricSpace.ThickenedIndicator (8.2s)
✔ [3141/3198] Built Mathlib.Analysis.Calculus.LogDeriv (13s)
✔ [3142/3198] Built Mathlib.Analysis.Normed.Operator.Extend (26s)
✔ [3143/3199] Built Mathlib.MeasureTheory.Integral.Lebesgue.Add (13s)
✔ [3144/3199] Built Mathlib.MeasureTheory.Integral.Lebesgue.Norm (5.0s)
✔ [3145/3199] Built Mathlib.MeasureTheory.Function.StronglyMeasurable.Basic (25s)
✔ [3146/3199] Built Mathlib.MeasureTheory.Integral.Lebesgue.Map (4.0s)
✔ [3147/3199] Built Mathlib.MeasureTheory.Integral.Lebesgue.Sub (6.1s)
✔ [3148/3200] Built Mathlib.MeasureTheory.Integral.MeanInequalities (12s)
✔ [3149/3202] Built Mathlib.MeasureTheory.Integral.Lebesgue.Markov (7.4s)
✔ [3150/3202] Built Mathlib.Analysis.Calculus.IteratedDeriv.Lemmas (68s)
✔ [3151/3202] Built Mathlib.MeasureTheory.Function.Egorov (7.0s)
✔ [3152/3202] Built Mathlib.Analysis.Normed.Operator.CompleteCodomain (9.3s)
✔ [3153/3203] Built Mathlib.MeasureTheory.Function.StronglyMeasurable.AEStronglyMeasurable (17s)
✔ [3154/3204] Built Mathlib.MeasureTheory.Integral.Lebesgue.DominatedConvergence (7.1s)
✔ [3155/3204] Built Mathlib.MeasureTheory.Integral.Lebesgue.Countable (12s)
✔ [3156/3204] Built Mathlib.MeasureTheory.Constructions.Polish.StronglyMeasurable (11s)
✔ [3157/3204] Built Mathlib.Analysis.SpecialFunctions.ExpDeriv (12s)
✔ [3158/3206] Built Mathlib.Topology.ContinuousMap.ContinuousMapZero (26s)
✔ [3159/3206] Built Mathlib.LinearAlgebra.Matrix.Diagonal (10s)
✔ [3160/3206] Built Mathlib.MeasureTheory.Measure.GiryMonad (9.7s)
✔ [3161/3206] Built Mathlib.MeasureTheory.Function.AEEqFun (17s)
✔ [3162/3206] Built Mathlib.Topology.Order.LeftRightLim (8.7s)
✔ [3163/3209] Built Mathlib.Analysis.Calculus.FDeriv.Measurable (33s)
✔ [3164/3209] Built Mathlib.MeasureTheory.Measure.Content (15s)
✔ [3165/3210] Built Mathlib.MeasureTheory.Measure.Prod (23s)
✔ [3166/3210] Built Mathlib.MeasureTheory.Measure.Stieltjes (21s)
✔ [3167/3210] Built Mathlib.Topology.Algebra.Group.Compact (3.8s)
✔ [3168/3214] Built Mathlib.Analysis.SpecialFunctions.Log.Deriv (33s)
✔ [3169/3216] Built Mathlib.MeasureTheory.Group.Convolution (8.3s)
✔ [3170/3220] Built Mathlib.Analysis.InnerProductSpace.Continuous (8.0s)
✔ [3171/3221] Built Mathlib.Analysis.InnerProductSpace.Projection.Minimal (13s)
✔ [3172/3224] Built Mathlib.Topology.Baire.CompleteMetrizable (5.1s)
✔ [3173/3224] Built Mathlib.Algebra.DirectSum.Decomposition (11s)
✔ [3174/3228] Built Mathlib.Topology.Algebra.Module.ClosedSubmodule (13s)
✔ [3175/3234] Built Mathlib.MeasureTheory.Group.Measure (26s)
✔ [3176/3237] Built Mathlib.Analysis.Normed.Lp.WithLp (9.1s)
✔ [3177/3237] Built Mathlib.Data.Matrix.Reflection (9.2s)
✔ [3178/3240] Built Mathlib.Util.Superscript (8.0s)
✔ [3179/3240] Built Mathlib.Analysis.InnerProductSpace.LinearMap (40s)
✔ [3180/3240] Built Mathlib.MeasureTheory.Group.LIntegral (7.9s)
✔ [3181/3240] Built Mathlib.MeasureTheory.Topology (3.8s)
✔ [3182/3240] Built Mathlib.MeasureTheory.Constructions.Pi (19s)
✔ [3183/3240] Built Mathlib.Analysis.Normed.Operator.Banach (38s)
✔ [3184/3240] Built Mathlib.LinearAlgebra.UnitaryGroup (13s)
✔ [3185/3241] Built Mathlib.MeasureTheory.Group.Prod (17s)
✔ [3186/3241] Built Mathlib.Analysis.Calculus.TangentCone.Prod (6.4s)
✔ [3187/3241] Built Mathlib.Probability.UniformOn (6.7s)
✔ [3188/3243] Built Mathlib.MeasureTheory.Integral.Marginal (10s)
✔ [3189/3243] Built Mathlib.Analysis.InnerProductSpace.Orthonormal (16s)
✔ [3190/3243] Built Mathlib.Analysis.Normed.Lp.ProdLp (32s)
✔ [3191/3247] Built Mathlib.Analysis.LConvolution (7.9s)
✔ [3192/3247] Built Mathlib.MeasureTheory.Function.EssSup (7.4s)
✔ [3193/3247] Built Mathlib.MeasureTheory.Measure.Haar.Basic (21s)
✔ [3194/3247] Built Mathlib.Order.Filter.AtTopBot.Floor (6.3s)
✔ [3195/3247] Built Mathlib.Analysis.InnerProductSpace.Subspace (11s)
✔ [3196/3247] Built Mathlib.MeasureTheory.Function.LpSeminorm.Defs (7.4s)
✔ [3197/3247] Built Mathlib.Topology.Algebra.Order.Floor (10s)
✔ [3198/3249] Built Mathlib.MeasureTheory.Measure.WithDensity (26s)
✔ [3199/3254] Built Mathlib.Analysis.InnerProductSpace.Orthogonal (27s)
✔ [3200/3254] Built Mathlib.MeasureTheory.Function.LpSeminorm.Basic (25s)
✔ [3201/3254] Built Mathlib.Analysis.BoxIntegral.Box.Basic (13s)
✔ [3202/3254] Built Mathlib.Analysis.Normed.Lp.PiLp (49s)
✔ [3203/3256] Built Mathlib.MeasureTheory.Function.StronglyMeasurable.Lemmas (7.3s)
✔ [3204/3256] Built Mathlib.MeasureTheory.Function.LpSeminorm.TriangleInequality (8.9s)
✔ [3205/3256] Built Mathlib.MeasureTheory.Function.L1Space.HasFiniteIntegral (13s)
✔ [3206/3256] Built Mathlib.Analysis.InnerProductSpace.Symmetric (16s)
✔ [3207/3256] Built Mathlib.MeasureTheory.Function.LpSeminorm.Monotonicity (11s)
✔ [3208/3260] Built Mathlib.MeasureTheory.Function.LpSeminorm.ChebyshevMarkov (7.1s)
✔ [3209/3260] Built Mathlib.MeasureTheory.Function.LpSeminorm.Indicator (8.0s)
✔ [3210/3260] Built Mathlib.Analysis.BoxIntegral.Box.SubboxInduction (4.4s)
✔ [3211/3260] Built Mathlib.Analysis.Normed.Lp.Matrix (9.3s)
✔ [3212/3260] Built Mathlib.Analysis.BoxIntegral.Partition.Basic (11s)
✔ [3213/3263] Built Mathlib.MeasureTheory.Function.LpSeminorm.SMul (11s)
✔ [3214/3263] Built Mathlib.Analysis.Oscillation (6.4s)
✔ [3215/3263] Built Mathlib.Analysis.BoxIntegral.Partition.Split (7.8s)
✔ [3216/3263] Built Mathlib.Analysis.BoxIntegral.Partition.Tagged (6.9s)
✔ [3217/3263] Built Mathlib.MeasureTheory.Function.LpSeminorm.Prod (9.8s)
✔ [3218/3266] Built Mathlib.Analysis.InnerProductSpace.Projection.Basic (31s)
✔ [3219/3266] Built Mathlib.Analysis.BoxIntegral.Partition.Additive (9.4s)
✔ [3220/3267] Built Mathlib.MeasureTheory.Function.LpSeminorm.CompareExp (18s)
✔ [3221/3272] Built Mathlib.Analysis.BoxIntegral.Partition.SubboxInduction (7.0s)
✔ [3222/3273] Built Mathlib.Analysis.InnerProductSpace.Projection.Submodule (11s)
✔ [3223/3273] Built Mathlib.Analysis.InnerProductSpace.Projection.Reflection (14s)
✔ [3224/3273] Built Mathlib.LinearAlgebra.Orientation (17s)
✔ [3225/3273] Built Mathlib.Analysis.BoxIntegral.Partition.Filter (9.2s)
✔ [3226/3277] Built Mathlib.Analysis.Normed.Lp.MeasurableSpace (6.4s)
✔ [3227/3284] Built Mathlib.Analysis.Complex.Cardinality (4.8s)
✔ [3228/3284] Built Mathlib.Algebra.CharP.CharAndCard (8.6s)
✔ [3229/3284] Built Mathlib.FieldTheory.PolynomialGaloisGroup (16s)
✔ [3230/3287] Built Mathlib.LinearAlgebra.Complex.FiniteDimensional (4.2s)
✔ [3231/3288] Built Mathlib.Analysis.InnerProductSpace.Projection.FiniteDimensional (19s)
✔ [3232/3289] Built Mathlib.Tactic.NormNum.ModEq (4.8s)
✔ [3233/3289] Built Mathlib.Data.Nat.Fib.Basic (4.9s)
✔ [3234/3290] Built Mathlib.Tactic.NormNum.NatLog (4.8s)
✔ [3235/3290] Built Mathlib.MeasureTheory.Function.LpSpace.Basic (40s)
✔ [3236/3291] Built Mathlib.Tactic.NormNum.NatSqrt (3.4s)
✔ [3237/3291] Built Mathlib.Tactic.NormNum.NatFib (3.7s)
✔ [3238/3292] Built Mathlib.Tactic.NormNum.Parity (3.9s)
✔ [3239/3292] Built Mathlib.Tactic.NormNum.Ordinal (6.9s)
✔ [3240/3293] Built Mathlib.Tactic.NormNum.PowMod (3.9s)
✔ [3241/3294] Built Mathlib.MeasureTheory.Function.LpSpace.Complete (11s)
✔ [3242/3295] Built Mathlib.Tactic.NormNum.Prime (7.3s)
✔ [3243/3295] Built Mathlib.MeasureTheory.Function.LpSpace.Indicator (13s)
✔ [3244/3296] Built Mathlib.Tactic.PNatToNat (3.5s)
✔ [3245/3297] Built Mathlib.Tactic.Polyrith (2.2s)
✔ [3246/3297] Built Mathlib.Tactic.NormNum.RealSqrt (7.0s)
✔ [3247/3298] Built Mathlib.Tactic.Propose (1.8s)
✔ [3248/3301] Built Mathlib.Tactic.ProdAssoc (3.4s)
✔ [3249/3302] Built Mathlib.MeasureTheory.Function.ConvergenceInMeasure (9.3s)
✔ [3250/3302] Built Mathlib.Tactic.ReduceModChar.Ext (1.4s)
✔ [3251/3303] Built Mathlib.Tactic.Relation.Symm (2.0s)
✔ [3252/3303] Built Mathlib.Tactic.Recall (4.0s)
✔ [3253/3304] Built Mathlib.Tactic.Replace (1.9s)
✔ [3254/3304] Built Mathlib.Tactic.RewriteSearch (2.4s)
✔ [3255/3309] Built Mathlib.MeasureTheory.Function.LpOrder (9.2s)
✔ [3256/3310] Built Mathlib.Tactic.Ring.NamePolyVars (5.3s)
✔ [3257/3310] Built Mathlib.Tactic.ReduceModChar (10s)
✔ [3258/3311] Built Mathlib.Algebra.Group.TypeTags.Pointwise (4.0s)
✔ [3259/3312] Built Mathlib.Tactic.Sat.FromLRAT (5.5s)
✔ [3260/3312] Built Mathlib.Tactic.Simproc.Divisors (3.8s)
✔ [3261/3313] Built Mathlib.Tactic.Simproc.Factors (6.7s)
✔ [3262/3313] Built Mathlib.Data.Finsupp.Weight (13s)
✔ [3263/3313] Built Mathlib.Tactic.Simproc.FinsetInterval (12s)
✔ [3264/3317] Built Mathlib.Tactic.Simproc.VecPerm (5.6s)
✔ [3267/3317] Built Mathlib.Tactic.Widget.GCongr (2.5s)
✔ [3268/3318] Built Mathlib.Analysis.InnerProductSpace.PiL2 (76s)
✔ [3270/3320] Built Mathlib.Tactic.Widget.CommDiag (6.1s)
✔ [3271/3320] Built Mathlib.MeasureTheory.Function.L1Space.Integrable (34s)
✔ [3272/3323] Built Mathlib.RingTheory.MvPowerSeries.Basic (20s)
✔ [3274/3323] Built Mathlib.Analysis.InnerProductSpace.GramSchmidtOrtho (15s)
✔ [3275/3323] Built Mathlib.Analysis.InnerProductSpace.ProdL2 (17s)
✔ [3276/3323] Built Mathlib.Tactic.WithoutCDot (1.8s)
✔ [3277/3323] Built Mathlib.MeasureTheory.Function.L1Space.AEEqFun (10s)
✔ [3278/3323] Built Mathlib.Tactic.Ring.NamePowerVars (3.4s)
✔ [3279/3324] Built Mathlib.MeasureTheory.Measure.Haar.OfBasis (22s)
✔ [3280/3324] Built Mathlib.MeasureTheory.Integral.IntegrableOn (19s)
✔ [3281/3324] Built Mathlib.Analysis.InnerProductSpace.Orientation (14s)
✔ [3282/3326] Built Mathlib.Tactic.Widget.StringDiagram (16s)
✔ [3284/3334] Built CoveringCodes.Relations.RadiusMono (6.6s)
✔ [3285/3334] Built Mathlib.MeasureTheory.Measure.Lebesgue.Basic (19s)
✔ [3286/3334] Built Mathlib.MeasureTheory.Function.LocallyIntegrable (19s)
✔ [3287/3334] Built CoveringCodes.Relations.AlphabetTransforms (14s)
✔ [3288/3334] Built Mathlib.MeasureTheory.Function.SimpleFuncDenseLp (34s)
✔ [3289/3334] Built CoveringCodes.Relations.BlockTransforms (4.9s)
✔ [3290/3334] Built Mathlib.Analysis.BoxIntegral.Partition.Measure (4.7s)
✔ [3291/3334] Built Mathlib.MeasureTheory.Integral.FinMeasAdditive (22s)
✔ [3292/3334] Built Mathlib.MeasureTheory.Measure.Lebesgue.EqHaar (27s)
✔ [3293/3334] Built Mathlib.Analysis.BoxIntegral.Basic (27s)
✔ [3294/3334] Built Mathlib.Analysis.BoxIntegral.DivergenceTheorem (9.7s)
✔ [3295/3334] Built Mathlib.MeasureTheory.Measure.Haar.InnerProductSpace (15s)
✔ [3296/3334] Built Mathlib.MeasureTheory.Measure.Lebesgue.Complex (2.5s)
✔ [3297/3334] Built Mathlib.MeasureTheory.Integral.SetToL1 (34s)
✔ [3298/3334] Built Mathlib.MeasureTheory.Integral.Bochner.L1 (11s)
✔ [3299/3334] Built Mathlib.MeasureTheory.Integral.Bochner.Basic (11s)
✔ [3300/3334] Built Mathlib.MeasureTheory.Integral.Bochner.SumMeasure (4.4s)
✔ [3301/3334] Built Mathlib.MeasureTheory.Integral.Bochner.VitaliCaratheodory (5.4s)
✔ [3302/3334] Built Mathlib.MeasureTheory.Integral.Bochner.Set (10s)
✔ [3303/3334] Built Mathlib.MeasureTheory.Integral.Bochner.FundThmCalculus (8.2s)
✔ [3304/3334] Built Mathlib.Analysis.BoxIntegral.Integrability (11s)
✔ [3305/3334] Built Mathlib.MeasureTheory.Integral.Bochner.ContinuousLinearMap (15s)
✔ [3306/3334] Built Mathlib.MeasureTheory.Integral.IntervalIntegral.Basic (18s)
✔ [3307/3334] Built Mathlib.MeasureTheory.Group.FundamentalDomain (36s)
✔ [3308/3334] Built Mathlib.MeasureTheory.Integral.DominatedConvergence (7.8s)
✔ [3309/3334] Built Mathlib.MeasureTheory.Integral.Prod (19s)
✔ [3310/3334] Built Mathlib.MeasureTheory.Measure.Haar.Quotient (19s)
✔ [3311/3334] Built Mathlib.MeasureTheory.Integral.IntervalIntegral.FundThmCalculus (24s)
✔ [3312/3334] Built Mathlib.Analysis.SpecialFunctions.NonIntegrable (7.3s)
✔ [3313/3334] Built Mathlib.MeasureTheory.Integral.IntervalIntegral.Periodic (12s)
✔ [3314/3334] Built Mathlib.MeasureTheory.Integral.DivergenceTheorem (15s)
✔ [3315/3334] Built Mathlib.MeasureTheory.Integral.CircleIntegral (8.0s)
✔ [3316/3334] Built Mathlib.Analysis.Complex.CauchyIntegral (6.1s)
✔ [3317/3334] Built Mathlib.Analysis.Complex.Liouville (3.3s)
✔ [3318/3334] Built Mathlib.Analysis.Complex.Polynomial.Basic (3.6s)
✔ [3319/3334] Built Mathlib.NumberTheory.LegendreSymbol.AddCharacter (3.4s)
✔ [3320/3334] Built Mathlib.NumberTheory.GaussSum (4.4s)
✔ [3321/3334] Built Mathlib.NumberTheory.LegendreSymbol.QuadraticChar.GaussSum (2.7s)
✔ [3322/3334] Built Mathlib.NumberTheory.LegendreSymbol.QuadraticReciprocity (2.6s)
✔ [3323/3334] Built Mathlib.NumberTheory.LegendreSymbol.JacobiSymbol (4.3s)
✔ [3324/3334] Built Mathlib.Tactic.NormNum.LegendreSymbol (3.4s)
✔ [3325/3334] Built Mathlib.Tactic (1.9s)
✔ [3326/3334] Built CoveringCodes.Database.Arithmetic (3.2s)
✔ [3327/3334] Built CoveringCodes.Relations.DirectProduct (2.0s)
✔ [3328/3334] Built CoveringCodes.Relations.LengthTransforms (3.0s)
✔ [3329/3334] Built CoveringCodes.Database.Trace (3.7s)
✔ [3330/3334] Built CoveringCodes.Database.Source (2.6s)
✔ [3331/3334] Built CoveringCodes.Database.Sources.SphereCovering (2.4s)
✔ [3332/3334] Built CoveringRecords.HammingSphere (2.3s)
✔ [3333/3334] Built CoveringRecords (2.3s)
Build completed successfully (3334 jobs).
